date,file,source_soundings,box_qc0_candidates,overpass_min_hour_utc,overpass_max_hour_utc
2016-01-01,oco2_LtCO2_160101_B11210Ar_240826174351s.nc4,128595,0,,
2016-01-02,oco2_LtCO2_160102_B11210Ar_240826174807s.nc4,157683,0,,
2016-01-03,oco2_LtCO2_160103_B11210Ar_240826174911s.nc4,149345,0,,
2016-01-04,oco2_LtCO2_160104_B11210Ar_240826175344s.nc4,136916,0,,
2016-01-05,oco2_LtCO2_160105_B11210Ar_240826175630s.nc4,152375,0,,
2016-01-06,oco2_LtCO2_160106_B11210Ar_240826175757s.nc4,169081,0,,
2016-01-07,oco2_LtCO2_160107_B11210Ar_240826180243s.nc4,151336,114,20.97,20.98
2016-01-08,oco2_LtCO2_160108_B11210Ar_240826180518s.nc4,127632,0,,
2016-01-09,oco2_LtCO2_160109_B11210Ar_240826180749s.nc4,166389,15,20.79,20.79
2016-01-10,oco2_LtCO2_160110_B11210Ar_240826181037s.nc4,175859,0,,
2016-01-11,oco2_LtCO2_160111_B11210Ar_240826181206s.nc4,155544,0,,
2016-01-12,oco2_LtCO2_160112_B11210Ar_240826181507s.nc4,154281,0,,
2016-01-13,oco2_LtCO2_160113_B11210Ar_240826181940s.nc4,181240,0,,
2016-01-14,oco2_LtCO2_160114_B11210Ar_240826182106s.nc4,154787,130,21.07,21.08
2016-01-15,oco2_LtCO2_160115_B11210Ar_240826182518s.nc4,149565,0,,
2016-01-16,oco2_LtCO2_160116_B11210Ar_240826182753s.nc4,161463,4,20.89,20.9
2016-01-17,oco2_LtCO2_160117_B11210Ar_240826182915s.nc4,183186,0,,
2016-01-18,oco2_LtCO2_160118_B11210Ar_240826183206s.nc4,128767,0,,
2016-01-19,oco2_LtCO2_160119_B11210Ar_240826183508s.nc4,151933,0,,
2016-01-20,oco2_LtCO2_160120_B11210Ar_240826183842s.nc4,174528,0,,
2016-01-21,oco2_LtCO2_160121_B11210Ar_240826184252s.nc4,126740,0,,
2016-01-22,oco2_LtCO2_160122_B11210Ar_240826184541s.nc4,140761,0,,
2016-01-23,oco2_LtCO2_160123_B11210Ar_240826184813s.nc4,175124,0,,
2016-01-24,oco2_LtCO2_160124_B11210Ar_240826185108s.nc4,176370,0,,
2016-01-25,oco2_LtCO2_160125_B11210Ar_240826185240s.nc4,146532,0,,
2016-01-26,oco2_LtCO2_160126_B11210Ar_240826185626s.nc4,140665,0,,
2016-01-27,oco2_LtCO2_160127_B11210Ar_240826185941s.nc4,162909,0,,
2016-01-28,oco2_LtCO2_160128_B11210Ar_240826190158s.nc4,155904,0,,
2016-01-29,oco2_LtCO2_160129_B11210Ar_240826190339s.nc4,155637,0,,
2016-01-30,oco2_LtCO2_160130_B11210Ar_240826190438s.nc4,155425,0,,
2016-01-31,oco2_LtCO2_160131_B11210Ar_240826190507s.nc4,172772,0,,
2016-02-01,oco2_LtCO2_160201_B11210Ar_240826174411s.nc4,154429,0,,
2016-02-02,oco2_LtCO2_160202_B11210Ar_240826174748s.nc4,155587,0,,
2016-02-03,oco2_LtCO2_160203_B11210Ar_240826175036s.nc4,181550,0,,
2016-02-04,oco2_LtCO2_160204_B11210Ar_240826175334s.nc4,173899,0,,
2016-02-05,oco2_LtCO2_160205_B11210Ar_240826175625s.nc4,165914,0,,
2016-02-06,oco2_LtCO2_160206_B11210Ar_240826175946s.nc4,167606,0,,
2016-02-07,oco2_LtCO2_160207_B11210Ar_240826180054s.nc4,184986,0,,
2016-02-08,oco2_LtCO2_160208_B11210Ar_240826180507s.nc4,158346,537,20.97,20.98
2016-02-09,oco2_LtCO2_160209_B11210Ar_240826180629s.nc4,158494,0,,
2016-02-10,oco2_LtCO2_160210_B11210Ar_240826180904s.nc4,171913,0,,
2016-02-11,oco2_LtCO2_160211_B11210Ar_240826181146s.nc4,156342,0,,
2016-02-12,oco2_LtCO2_160212_B11210Ar_240826181602s.nc4,155888,0,,
2016-02-13,oco2_LtCO2_160213_B11210Ar_240826181724s.nc4,148102,0,,
2016-02-14,oco2_LtCO2_160214_B11210Ar_240826182153s.nc4,180135,0,,
2016-02-15,oco2_LtCO2_160215_B11210Ar_240826182432s.nc4,137747,468,21.07,21.08
2016-02-16,oco2_LtCO2_160216_B11210Ar_240826182709s.nc4,145641,0,,
2016-02-17,oco2_LtCO2_160217_B11210Ar_240826182947s.nc4,167713,554,20.88,20.89
2016-02-18,oco2_LtCO2_160218_B11210Ar_240826183234s.nc4,180501,0,,
2016-02-19,oco2_LtCO2_160219_B11210Ar_240826183422s.nc4,149222,0,,
2016-02-20,oco2_LtCO2_160220_B11210Ar_240826183809s.nc4,149679,0,,
2016-02-21,oco2_LtCO2_160221_B11210Ar_240826184224s.nc4,174787,0,,
2016-02-22,oco2_LtCO2_160222_B11210Ar_240826184519s.nc4,147101,0,,
2016-02-23,oco2_LtCO2_160223_B11210Ar_240826184809s.nc4,151718,0,,
2016-02-24,oco2_LtCO2_160224_B11210Ar_240826185046s.nc4,182006,0,,
2016-02-25,oco2_LtCO2_160225_B11210Ar_240826185456s.nc4,183979,0,,
2016-02-26,oco2_LtCO2_160226_B11210Ar_240826185532s.nc4,147469,0,,
2016-02-27,oco2_LtCO2_160227_B11210Ar_240826185859s.nc4,137079,0,,
2016-02-28,oco2_LtCO2_160228_B11210Ar_240826190139s.nc4,184113,0,,
2016-02-29,oco2_LtCO2_160229_B11210Ar_240826190312s.nc4,139489,0,,
2016-03-01,oco2_LtCO2_160301_B11210Ar_240826174503s.nc4,155492,0,,
2016-03-02,oco2_LtCO2_160302_B11210Ar_240826174631s.nc4,163906,0,,
2016-03-03,oco2_LtCO2_160303_B11210Ar_240826174933s.nc4,185132,0,,
2016-03-04,oco2_LtCO2_160304_B11210Ar_240826175217s.nc4,157799,0,,
2016-03-05,oco2_LtCO2_160305_B11210Ar_240826175503s.nc4,150396,0,,
2016-03-06,oco2_LtCO2_160306_B11210Ar_240826175804s.nc4,176097,0,,
2016-03-07,oco2_LtCO2_160307_B11210Ar_240826180125s.nc4,150468,0,,
2016-03-08,oco2_LtCO2_160308_B11210Ar_240826180347s.nc4,145438,0,,
2016-03-09,oco2_LtCO2_160309_B11210Ar_240826180748s.nc4,133197,0,,
2016-03-10,oco2_LtCO2_160310_B11210Ar_240826180912s.nc4,153396,0,,
2016-03-11,oco2_LtCO2_160311_B11210Ar_240826181312s.nc4,140153,409,20.97,20.98
2016-03-12,oco2_LtCO2_160312_B11210Ar_240826181436s.nc4,137232,0,,
2016-03-13,oco2_LtCO2_160313_B11210Ar_240826181807s.nc4,164417,0,,
2016-03-14,oco2_LtCO2_160314_B11210Ar_240826182019s.nc4,166089,0,,
2016-03-15,oco2_LtCO2_160315_B11210Ar_240826182315s.nc4,152277,0,,
2016-03-16,oco2_LtCO2_160316_B11210Ar_240826182550s.nc4,152621,0,,
2016-03-17,oco2_LtCO2_160317_B11210Ar_240826182825s.nc4,170248,0,,
2016-03-18,oco2_LtCO2_160318_B11210Ar_240826183114s.nc4,138145,473,21.08,21.08
2016-03-19,oco2_LtCO2_160319_B11210Ar_240826183701s.nc4,149827,0,,
2016-03-20,oco2_LtCO2_160320_B11210Ar_240826184033s.nc4,176213,178,20.88,20.88
2016-03-21,oco2_LtCO2_160321_B11210Ar_240826184108s.nc4,174165,0,,
2016-03-22,oco2_LtCO2_160322_B11210Ar_240826184422s.nc4,133111,0,,
2016-03-23,oco2_LtCO2_160323_B11210Ar_240826184655s.nc4,145066,0,,
2016-03-24,oco2_LtCO2_160324_B11210Ar_240826184948s.nc4,160261,0,,
2016-03-25,oco2_LtCO2_160325_B11210Ar_240826185408s.nc4,134357,0,,
2016-03-26,oco2_LtCO2_160326_B11210Ar_240826185746s.nc4,135802,0,,
2016-03-27,oco2_LtCO2_160327_B11210Ar_240826185817s.nc4,167150,321,20.98,20.99
2016-03-28,oco2_LtCO2_160328_B11210Ar_240826190116s.nc4,77743,0,,
2016-04-04,oco2_LtCO2_160404_B11210Ar_240826174536s.nc4,111887,0,,
2016-04-05,oco2_LtCO2_160405_B11210Ar_240826174629s.nc4,124223,0,,
2016-04-06,oco2_LtCO2_160406_B11210Ar_240826175103s.nc4,130364,0,,
2016-04-07,oco2_LtCO2_160407_B11210Ar_240826175211s.nc4,147022,0,,
2016-04-08,oco2_LtCO2_160408_B11210Ar_240826175505s.nc4,136026,0,,
2016-04-09,oco2_LtCO2_160409_B11210Ar_240826175933s.nc4,135137,0,,
2016-04-10,oco2_LtCO2_160410_B11210Ar_240826180222s.nc4,148268,0,,
2016-04-11,oco2_LtCO2_160411_B11210Ar_240826180359s.nc4,173125,0,,
2016-04-12,oco2_LtCO2_160412_B11210Ar_240826180638s.nc4,117149,444,20.97,20.98
2016-04-13,oco2_LtCO2_160413_B11210Ar_240826181029s.nc4,131162,0,,
2016-04-14,oco2_LtCO2_160414_B11210Ar_240826181334s.nc4,173494,0,,
2016-04-15,oco2_LtCO2_160415_B11210Ar_240826181640s.nc4,161947,0,,
2016-04-16,oco2_LtCO2_160416_B11210Ar_240826181856s.nc4,143135,0,,
2016-04-17,oco2_LtCO2_160417_B11210Ar_240826182231s.nc4,140477,0,,
2016-04-18,oco2_LtCO2_160418_B11210Ar_240826182357s.nc4,172745,0,,
2016-04-19,oco2_LtCO2_160419_B11210Ar_240826182639s.nc4,140504,404,21.08,21.09
2016-04-20,oco2_LtCO2_160420_B11210Ar_240826183041s.nc4,153623,0,,
2016-04-22,oco2_LtCO2_160422_B11210Ar_240826183612s.nc4,177124,0,,
2016-04-23,oco2_LtCO2_160423_B11210Ar_240826183937s.nc4,135735,0,,
2016-04-24,oco2_LtCO2_160424_B11210Ar_240826184359s.nc4,167481,0,,
2016-04-26,oco2_LtCO2_160426_B11210Ar_240826184934s.nc4,133004,0,,
2016-04-27,oco2_LtCO2_160427_B11210Ar_240826185213s.nc4,144182,0,,
2016-04-28,oco2_LtCO2_160428_B11210Ar_240826185326s.nc4,172903,830,20.98,20.99
2016-04-29,oco2_LtCO2_160429_B11210Ar_240826185654s.nc4,161780,0,,
2016-04-30,oco2_LtCO2_160430_B11210Ar_240826190010s.nc4,153855,0,,
2016-05-01,oco2_LtCO2_160501_B11210Ar_240827153802s.nc4,133979,0,,
2016-05-02,oco2_LtCO2_160502_B11210Ar_240827154155s.nc4,178726,0,,
2016-05-03,oco2_LtCO2_160503_B11210Ar_240827154452s.nc4,133086,0,,
2016-05-04,oco2_LtCO2_160504_B11210Ar_240827154938s.nc4,146353,0,,
2016-05-05,oco2_LtCO2_160505_B11210Ar_240827155258s.nc4,158488,0,,
2016-05-06,oco2_LtCO2_160506_B11210Ar_240827155609s.nc4,166777,0,,
2016-05-07,oco2_LtCO2_160507_B11210Ar_240827155837s.nc4,133174,0,,
2016-05-08,oco2_LtCO2_160508_B11210Ar_240827160110s.nc4,120706,0,,
2016-05-10,oco2_LtCO2_160510_B11210Ar_240827160555s.nc4,137830,0,,
2016-05-11,oco2_LtCO2_160511_B11210Ar_240827160749s.nc4,151873,0,,
2016-05-12,oco2_LtCO2_160512_B11210Ar_240827161043s.nc4,149469,0,,
2016-05-13,oco2_LtCO2_160513_B11210Ar_240827161332s.nc4,194455,0,,
2016-05-14,oco2_LtCO2_160514_B11210Ar_240827161505s.nc4,167589,0,,
2016-05-15,oco2_LtCO2_160515_B11210Ar_240827162014s.nc4,149136,0,,
2016-05-16,oco2_LtCO2_160516_B11210Ar_240827162035s.nc4,175218,0,,
2016-05-23,oco2_LtCO2_160523_B11210Ar_240827164222s.nc4,147317,1039,20.87,20.89
2016-05-24,oco2_LtCO2_160524_B11210Ar_240827164516s.nc4,160064,0,,
2016-05-25,oco2_LtCO2_160525_B11210Ar_240827164613s.nc4,135403,0,,
2016-05-27,oco2_LtCO2_160527_B11210Ar_240827165053s.nc4,169917,0,,
2016-05-28,oco2_LtCO2_160528_B11210Ar_240827165435s.nc4,141498,0,,
2016-05-29,oco2_LtCO2_160529_B11210Ar_240827165609s.nc4,166649,0,,
2016-05-30,oco2_LtCO2_160530_B11210Ar_240827165736s.nc4,172897,0,,
2016-05-31,oco2_LtCO2_160531_B11210Ar_240827170015s.nc4,186137,0,,
2016-06-01,oco2_LtCO2_160601_B11210Ar_240827153822s.nc4,161676,0,,
2016-06-02,oco2_LtCO2_160602_B11210Ar_240827154336s.nc4,137054,0,,
2016-06-03,oco2_LtCO2_160603_B11210Ar_240827154639s.nc4,177231,0,,
2016-06-04,oco2_LtCO2_160604_B11210Ar_240827154822s.nc4,168482,0,,
2016-06-05,oco2_LtCO2_160605_B11210Ar_240827155246s.nc4,146765,0,,
2016-06-06,oco2_LtCO2_160606_B11210Ar_240827155544s.nc4,164952,0,,
2016-06-07,oco2_LtCO2_160607_B11210Ar_240827155713s.nc4,156068,0,,
2016-06-08,oco2_LtCO2_160608_B11210Ar_240827160144s.nc4,126964,0,,
2016-06-09,oco2_LtCO2_160609_B11210Ar_240827160421s.nc4,152234,0,,
2016-06-10,oco2_LtCO2_160610_B11210Ar_240827160624s.nc4,181374,0,,
2016-06-11,oco2_LtCO2_160611_B11210Ar_240827160711s.nc4,144166,0,,
2016-06-12,oco2_LtCO2_160612_B11210Ar_240827161149s.nc4,164905,0,,
2016-06-13,oco2_LtCO2_160613_B11210Ar_240827161435s.nc4,140420,0,,
2016-06-14,oco2_LtCO2_160614_B11210Ar_240827161724s.nc4,173062,0,,
2016-06-15,oco2_LtCO2_160615_B11210Ar_240827161752s.nc4,147117,447,20.97,20.98
2016-06-16,oco2_LtCO2_160616_B11210Ar_240827162137s.nc4,162652,0,,
2016-06-17,oco2_LtCO2_160617_B11210Ar_240827162536s.nc4,186088,0,,
2016-06-18,oco2_LtCO2_160618_B11210Ar_240827162828s.nc4,152543,0,,
2016-06-19,oco2_LtCO2_160619_B11210Ar_240827163122s.nc4,157683,0,,
2016-06-20,oco2_LtCO2_160620_B11210Ar_240827163216s.nc4,141596,0,,
2016-06-21,oco2_LtCO2_160621_B11210Ar_240827163735s.nc4,178001,0,,
2016-06-22,oco2_LtCO2_160622_B11210Ar_240827164056s.nc4,135353,384,21.07,21.08
2016-06-23,oco2_LtCO2_160623_B11210Ar_240827164329s.nc4,154619,0,,
2016-06-24,oco2_LtCO2_160624_B11210Ar_240827164349s.nc4,178783,443,20.87,20.88
2016-06-25,oco2_LtCO2_160625_B11210Ar_240827164638s.nc4,152807,0,,
2016-06-26,oco2_LtCO2_160626_B11210Ar_240827164928s.nc4,165359,0,,
2016-06-27,oco2_LtCO2_160627_B11210Ar_240827165133s.nc4,139450,0,,
2016-06-28,oco2_LtCO2_160628_B11210Ar_240827165218s.nc4,176589,0,,
2016-06-29,oco2_LtCO2_160629_B11210Ar_240827165450s.nc4,143952,0,,
2016-06-30,oco2_LtCO2_160630_B11210Ar_240827165852s.nc4,162525,0,,
2016-07-01,oco2_LtCO2_160701_B11210Ar_240827153936s.nc4,175858,0,,
2016-07-02,oco2_LtCO2_160702_B11210Ar_240827154313s.nc4,181156,0,,
2016-07-03,oco2_LtCO2_160703_B11210Ar_240827154503s.nc4,161834,0,,
2016-07-04,oco2_LtCO2_160704_B11210Ar_240827155000s.nc4,141848,0,,
2016-07-05,oco2_LtCO2_160705_B11210Ar_240827155124s.nc4,168417,0,,
2016-07-06,oco2_LtCO2_160706_B11210Ar_240827155415s.nc4,158288,0,,
2016-07-07,oco2_LtCO2_160707_B11210Ar_240827155901s.nc4,151864,0,,
2016-07-08,oco2_LtCO2_160708_B11210Ar_240827160016s.nc4,177868,3402,21.02,21.11
2016-07-09,oco2_LtCO2_160709_B11210Ar_240827160338s.nc4,195661,0,,
2016-07-10,oco2_LtCO2_160710_B11210Ar_240827160504s.nc4,155968,0,,
2016-07-11,oco2_LtCO2_160711_B11210Ar_240827160910s.nc4,144654,0,,
2016-07-12,oco2_LtCO2_160712_B11210Ar_240827161025s.nc4,186109,0,,
2016-07-13,oco2_LtCO2_160713_B11210Ar_240827161315s.nc4,147442,0,,
2016-07-14,oco2_LtCO2_160714_B11210Ar_240827161632s.nc4,157769,0,,
2016-07-15,oco2_LtCO2_160715_B11210Ar_240827161847s.nc4,164444,1120,21.12,21.21
2016-07-16,oco2_LtCO2_160716_B11210Ar_240827162205s.nc4,172884,0,,
2016-07-17,oco2_LtCO2_160717_B11210Ar_240827162326s.nc4,165222,325,20.96,20.97
2016-07-18,oco2_LtCO2_160718_B11210Ar_240827162756s.nc4,158048,0,,
2016-07-19,oco2_LtCO2_160719_B11210Ar_240827162946s.nc4,189660,0,,
2016-07-20,oco2_LtCO2_160720_B11210Ar_240827163243s.nc4,167317,0,,
2016-07-21,oco2_LtCO2_160721_B11210Ar_240827163827s.nc4,172515,0,,
2016-07-22,oco2_LtCO2_160722_B11210Ar_240827163907s.nc4,160710,0,,
2016-07-23,oco2_LtCO2_160723_B11210Ar_240827164156s.nc4,194355,0,,
2016-07-24,oco2_LtCO2_160724_B11210Ar_240827164451s.nc4,133289,384,21.07,21.07
2016-07-25,oco2_LtCO2_160725_B11210Ar_240827164730s.nc4,166647,0,,
2016-07-26,oco2_LtCO2_160726_B11210Ar_240827164758s.nc4,196557,207,20.86,20.87
2016-07-27,oco2_LtCO2_160727_B11210Ar_240827165009s.nc4,170073,0,,
2016-07-29,oco2_LtCO2_160729_B11210Ar_240827165556s.nc4,145912,0,,
2016-07-30,oco2_LtCO2_160730_B11210Ar_240827165719s.nc4,177251,0,,
2016-07-31,oco2_LtCO2_160731_B11210Ar_240827165911s.nc4,138408,0,,
2016-08-01,oco2_LtCO2_160801_B11210Ar_240827154017s.nc4,168255,0,,
2016-08-02,oco2_LtCO2_160802_B11210Ar_240827154131s.nc4,199278,892,20.96,20.98
2016-08-03,oco2_LtCO2_160803_B11210Ar_240827154618s.nc4,194352,0,,
2016-08-04,oco2_LtCO2_160804_B11210Ar_240827154804s.nc4,166510,0,,
2016-08-05,oco2_LtCO2_160805_B11210Ar_240827155113s.nc4,161053,0,,
2016-08-06,oco2_LtCO2_160806_B11210Ar_240827155434s.nc4,191793,0,,
2016-08-07,oco2_LtCO2_160807_B11210Ar_240827155732s.nc4,165277,698,21.22,21.31
2016-08-08,oco2_LtCO2_160808_B11210Ar_240827155953s.nc4,162285,0,,
2016-08-09,oco2_LtCO2_160809_B11210Ar_240827160216s.nc4,173641,0,,
2016-08-10,oco2_LtCO2_160810_B11210Ar_240827160538s.nc4,32479,0,,
2016-08-21,oco2_LtCO2_160821_B11210Ar_240827160827s.nc4,119699,0,,
2016-08-22,oco2_LtCO2_160822_B11210Ar_240827160920s.nc4,170183,0,,
2016-08-23,oco2_LtCO2_160823_B11210Ar_240827161203s.nc4,182677,0,,
2016-08-24,oco2_LtCO2_160824_B11210Ar_240827161554s.nc4,189197,0,,
2016-08-25,oco2_LtCO2_160825_B11210Ar_240827161911s.nc4,158218,455,21.07,21.07
2016-08-27,oco2_LtCO2_160827_B11210Ar_240827162448s.nc4,201370,0,,
2016-08-28,oco2_LtCO2_160828_B11210Ar_240827162625s.nc4,188537,0,,
2016-08-29,oco2_LtCO2_160829_B11210Ar_240827162925s.nc4,162495,0,,
2016-08-30,oco2_LtCO2_160830_B11210Ar_240827163338s.nc4,170958,0,,
2016-08-31,oco2_LtCO2_160831_B11210Ar_240827163512s.nc4,189717,0,,
2016-09-01,oco2_LtCO2_160901_B11210Ar_240829170325s.nc4,142003,5719,21.12,21.21
2016-09-02,oco2_LtCO2_160902_B11210Ar_240829170639s.nc4,183711,0,,
2016-09-03,oco2_LtCO2_160903_B11210Ar_240829170946s.nc4,181909,671,20.97,20.98
2016-09-04,oco2_LtCO2_160904_B11210Ar_240829171402s.nc4,187457,0,,
2016-09-05,oco2_LtCO2_160905_B11210Ar_240829171625s.nc4,158189,0,,
2016-09-06,oco2_LtCO2_160906_B11210Ar_240829171830s.nc4,166445,0,,
2016-09-07,oco2_LtCO2_160907_B11210Ar_240829172032s.nc4,204126,0,,
2016-09-08,oco2_LtCO2_160908_B11210Ar_240829172402s.nc4,163073,0,,
2016-09-09,oco2_LtCO2_160909_B11210Ar_240829172802s.nc4,183157,0,,
2016-09-10,oco2_LtCO2_160910_B11210Ar_240829173123s.nc4,196509,0,,
2016-09-11,oco2_LtCO2_160911_B11210Ar_240829173504s.nc4,198611,0,,
2016-09-12,oco2_LtCO2_160912_B11210Ar_240829173712s.nc4,173119,0,,
2016-09-17,oco2_LtCO2_160917_B11210Ar_240829175439s.nc4,162294,0,,
2016-09-18,oco2_LtCO2_160918_B11210Ar_240829175737s.nc4,173971,0,,
2016-09-19,oco2_LtCO2_160919_B11210Ar_240829180046s.nc4,160275,0,,
2016-09-20,oco2_LtCO2_160920_B11210Ar_240829180341s.nc4,181906,0,,
2016-09-21,oco2_LtCO2_160921_B11210Ar_240829180637s.nc4,196552,0,,
2016-09-22,oco2_LtCO2_160922_B11210Ar_240829180758s.nc4,187068,0,,
2016-09-23,oco2_LtCO2_160923_B11210Ar_240829181242s.nc4,176072,0,,
2016-09-24,oco2_LtCO2_160924_B11210Ar_240829181549s.nc4,158683,0,,
2016-09-25,oco2_LtCO2_160925_B11210Ar_240829181849s.nc4,206912,0,,
2016-09-26,oco2_LtCO2_160926_B11210Ar_240829182208s.nc4,154217,227,21.07,21.07
2016-09-27,oco2_LtCO2_160927_B11210Ar_240829182417s.nc4,169745,0,,
2016-09-28,oco2_LtCO2_160928_B11210Ar_240829182748s.nc4,199060,381,20.86,20.87
2016-09-29,oco2_LtCO2_160929_B11210Ar_240829182928s.nc4,189783,0,,
2016-09-30,oco2_LtCO2_160930_B11210Ar_240829183432s.nc4,171728,0,,
2016-10-01,oco2_LtCO2_161001_B11210Ar_240829170345s.nc4,170436,0,,
2016-10-02,oco2_LtCO2_161002_B11210Ar_240829170657s.nc4,199182,0,,
2016-10-03,oco2_LtCO2_161003_B11210Ar_240829171045s.nc4,155481,0,,
2016-10-04,oco2_LtCO2_161004_B11210Ar_240829171329s.nc4,173098,0,,
2016-10-05,oco2_LtCO2_161005_B11210Ar_240829171528s.nc4,173956,331,20.97,20.97
2016-10-06,oco2_LtCO2_161006_B11210Ar_240829171953s.nc4,176353,0,,
2016-10-07,oco2_LtCO2_161007_B11210Ar_240829172218s.nc4,166986,0,,
2016-10-08,oco2_LtCO2_161008_B11210Ar_240829172505s.nc4,123719,0,,
2016-10-09,oco2_LtCO2_161009_B11210Ar_240829172619s.nc4,203644,0,,
2016-10-10,oco2_LtCO2_161010_B11210Ar_240829173059s.nc4,167769,0,,
2016-10-11,oco2_LtCO2_161011_B11210Ar_240829173315s.nc4,169517,0,,
2016-10-12,oco2_LtCO2_161012_B11210Ar_240829173600s.nc4,184222,0,,
2016-10-13,oco2_LtCO2_161013_B11210Ar_240829174036s.nc4,198150,0,,
2016-10-14,oco2_LtCO2_161014_B11210Ar_240829174404s.nc4,151728,0,,
2016-10-15,oco2_LtCO2_161015_B11210Ar_240829174708s.nc4,145503,0,,
2016-10-16,oco2_LtCO2_161016_B11210Ar_240829175015s.nc4,180457,0,,
2016-10-17,oco2_LtCO2_161017_B11210Ar_240829175315s.nc4,153914,0,,
2016-10-18,oco2_LtCO2_161018_B11210Ar_240829175609s.nc4,173721,0,,
2016-10-19,oco2_LtCO2_161019_B11210Ar_240829180033s.nc4,166641,0,,
2016-10-20,oco2_LtCO2_161020_B11210Ar_240829180206s.nc4,185599,0,,
2016-10-21,oco2_LtCO2_161021_B11210Ar_240829180509s.nc4,152583,508,20.96,20.97
2016-10-22,oco2_LtCO2_161022_B11210Ar_240829180809s.nc4,156765,0,,
2016-10-23,oco2_LtCO2_161023_B11210Ar_240829181110s.nc4,169573,0,,
2016-10-24,oco2_LtCO2_161024_B11210Ar_240829181544s.nc4,171441,0,,
2016-10-25,oco2_LtCO2_161025_B11210Ar_240829181712s.nc4,158121,0,,
2016-10-26,oco2_LtCO2_161026_B11210Ar_240829182040s.nc4,157655,0,,
2016-10-27,oco2_LtCO2_161027_B11210Ar_240829182453s.nc4,172231,0,,
2016-10-28,oco2_LtCO2_161028_B11210Ar_240829182556s.nc4,149749,77,21.07,21.07
2016-10-30,oco2_LtCO2_161030_B11210Ar_240829183241s.nc4,177994,1,20.89,20.89
2016-10-31,oco2_LtCO2_161031_B11210Ar_240829183443s.nc4,176158,0,,
2016-11-01,oco2_LtCO2_161101_B11210Ar_240829170448s.nc4,173685,0,,
2016-11-02,oco2_LtCO2_161102_B11210Ar_240829170827s.nc4,166866,0,,
2016-11-03,oco2_LtCO2_161103_B11210Ar_240829171112s.nc4,192860,0,,
2016-11-04,oco2_LtCO2_161104_B11210Ar_240829171243s.nc4,146094,0,,
2016-11-05,oco2_LtCO2_161105_B11210Ar_240829171712s.nc4,155050,0,,
2016-11-06,oco2_LtCO2_161106_B11210Ar_240829171908s.nc4,169808,0,,
2016-11-08,oco2_LtCO2_161108_B11210Ar_240829172529s.nc4,144530,0,,
2016-11-09,oco2_LtCO2_161109_B11210Ar_240829172824s.nc4,128721,0,,
2016-11-10,oco2_LtCO2_161110_B11210Ar_240829172943s.nc4,188560,0,,
2016-11-11,oco2_LtCO2_161111_B11210Ar_240829173412s.nc4,160444,6283,21.22,21.32
2016-11-12,oco2_LtCO2_161112_B11210Ar_240829173900s.nc4,162316,0,,
2016-11-13,oco2_LtCO2_161113_B11210Ar_240829174226s.nc4,186992,0,,
2016-11-14,oco2_LtCO2_161114_B11210Ar_240829174538s.nc4,197708,0,,
2016-11-15,oco2_LtCO2_161115_B11210Ar_240829174846s.nc4,154718,0,,
2016-11-16,oco2_LtCO2_161116_B11210Ar_240829175021s.nc4,138590,0,,
2016-11-17,oco2_LtCO2_161117_B11210Ar_240829175434s.nc4,174336,0,,
2016-11-18,oco2_LtCO2_161118_B11210Ar_240829175606s.nc4,160322,0,,
2016-11-19,oco2_LtCO2_161119_B11210Ar_240829175905s.nc4,147971,0,,
2016-11-20,oco2_LtCO2_161120_B11210Ar_240829180339s.nc4,145808,0,,
2016-11-21,oco2_LtCO2_161121_B11210Ar_240829180633s.nc4,156897,0,,
2016-11-22,oco2_LtCO2_161122_B11210Ar_240829180942s.nc4,146888,274,20.97,20.97
2016-11-23,oco2_LtCO2_161123_B11210Ar_240829181240s.nc4,136306,0,,
2016-11-24,oco2_LtCO2_161124_B11210Ar_240829181403s.nc4,170128,465,20.78,20.79
2016-11-25,oco2_LtCO2_161125_B11210Ar_240829181718s.nc4,169945,0,,
2016-11-26,oco2_LtCO2_161126_B11210Ar_240829182138s.nc4,134592,0,,
2016-11-27,oco2_LtCO2_161127_B11210Ar_240829182329s.nc4,138907,0,,
2016-11-28,oco2_LtCO2_161128_B11210Ar_240829182620s.nc4,164439,0,,
2016-11-29,oco2_LtCO2_161129_B11210Ar_240829183115s.nc4,152386,471,21.07,21.08
2016-11-30,oco2_LtCO2_161130_B11210Ar_240829183242s.nc4,146721,0,,
2016-12-01,oco2_LtCO2_161201_B11210Ar_240829170509s.nc4,192828,200,20.88,20.9
2016-12-02,oco2_LtCO2_161202_B11210Ar_240829170806s.nc4,159895,0,,
2016-12-03,oco2_LtCO2_161203_B11210Ar_240829170928s.nc4,138068,0,,
2016-12-04,oco2_LtCO2_161204_B11210Ar_240829171211s.nc4,150207,0,,
2016-12-05,oco2_LtCO2_161205_B11210Ar_240829171451s.nc4,194386,0,,
2016-12-06,oco2_LtCO2_161206_B11210Ar_240829171750s.nc4,138252,0,,
2016-12-07,oco2_LtCO2_161207_B11210Ar_240829172119s.nc4,150368,0,,
2016-12-08,oco2_LtCO2_161208_B11210Ar_240829172343s.nc4,164305,0,,
2016-12-09,oco2_LtCO2_161209_B11210Ar_240829172651s.nc4,194937,0,,
2016-12-10,oco2_LtCO2_161210_B11210Ar_240829172934s.nc4,148272,0,,
2016-12-11,oco2_LtCO2_161211_B11210Ar_240829173243s.nc4,136205,0,,
2016-12-12,oco2_LtCO2_161212_B11210Ar_240829173835s.nc4,178487,0,,
2016-12-13,oco2_LtCO2_161213_B11210Ar_240829174048s.nc4,146139,0,,
2016-12-14,oco2_LtCO2_161214_B11210Ar_240829174413s.nc4,138710,0,,
2016-12-15,oco2_LtCO2_161215_B11210Ar_240829174713s.nc4,158000,0,,
2016-12-16,oco2_LtCO2_161216_B11210Ar_240829175144s.nc4,147290,0,,
2016-12-17,oco2_LtCO2_161217_B11210Ar_240829175314s.nc4,124801,0,,
2016-12-18,oco2_LtCO2_161218_B11210Ar_240829175730s.nc4,138589,0,,
2016-12-19,oco2_LtCO2_161219_B11210Ar_240829175923s.nc4,154179,0,,
2016-12-20,oco2_LtCO2_161220_B11210Ar_240829180212s.nc4,140392,0,,
2016-12-21,oco2_LtCO2_161221_B11210Ar_240829180508s.nc4,138511,0,,
2016-12-22,oco2_LtCO2_161222_B11210Ar_240829180942s.nc4,129105,0,,
2016-12-23,oco2_LtCO2_161223_B11210Ar_240829181113s.nc4,173701,0,,
2016-12-24,oco2_LtCO2_161224_B11210Ar_240829181411s.nc4,126996,111,20.97,20.97
2016-12-25,oco2_LtCO2_161225_B11210Ar_240829181841s.nc4,139056,0,,
2016-12-26,oco2_LtCO2_161226_B11210Ar_240829182016s.nc4,144302,0,,
2016-12-27,oco2_LtCO2_161227_B11210Ar_240829182256s.nc4,144537,0,,
2016-12-28,oco2_LtCO2_161228_B11210Ar_240829182722s.nc4,141057,0,,
2016-12-29,oco2_LtCO2_161229_B11210Ar_240829182844s.nc4,153435,0,,
2016-12-30,oco2_LtCO2_161230_B11210Ar_240829183138s.nc4,132227,0,,
2017-01-01,oco2_LtCO2_170101_B11210Ar_240829200548s.nc4,131383,0,,
2017-01-02,oco2_LtCO2_170102_B11210Ar_240829201027s.nc4,110309,0,,
2017-01-03,oco2_LtCO2_170103_B11210Ar_240829201304s.nc4,155555,0,,
2017-01-04,oco2_LtCO2_170104_B11210Ar_240829201554s.nc4,157984,0,,
2017-01-05,oco2_LtCO2_170105_B11210Ar_240829201724s.nc4,166795,0,,
2017-01-06,oco2_LtCO2_170106_B11210Ar_240829202203s.nc4,186466,0,,
2017-01-07,oco2_LtCO2_170107_B11210Ar_240829202511s.nc4,153110,0,,
2017-01-08,oco2_LtCO2_170108_B11210Ar_240829202816s.nc4,159162,0,,
2017-01-09,oco2_LtCO2_170109_B11210Ar_240829202929s.nc4,155343,0,,
2017-01-10,oco2_LtCO2_170110_B11210Ar_240829203252s.nc4,173577,0,,
2017-01-11,oco2_LtCO2_170111_B11210Ar_240829203829s.nc4,159566,0,,
2017-01-12,oco2_LtCO2_170112_B11210Ar_240829204133s.nc4,125802,0,,
2017-01-13,oco2_LtCO2_170113_B11210Ar_240829204448s.nc4,183796,0,,
2017-01-15,oco2_LtCO2_170115_B11210Ar_240829205032s.nc4,150476,0,,
2017-01-16,oco2_LtCO2_170116_B11210Ar_240829205354s.nc4,153549,3361,21.02,21.12
2017-01-17,oco2_LtCO2_170117_B11210Ar_240829205633s.nc4,178442,0,,
2017-01-18,oco2_LtCO2_170118_B11210Ar_240829205734s.nc4,145820,0,,
2017-01-19,oco2_LtCO2_170119_B11210Ar_240829210033s.nc4,136721,0,,
2017-01-20,oco2_LtCO2_170120_B11210Ar_240829210447s.nc4,174096,0,,
2017-01-21,oco2_LtCO2_170121_B11210Ar_240829210744s.nc4,150838,0,,
2017-01-22,oco2_LtCO2_170122_B11210Ar_240829210814s.nc4,145718,0,,
2017-01-23,oco2_LtCO2_170123_B11210Ar_240829211047s.nc4,152720,0,,
2017-01-24,oco2_LtCO2_170124_B11210Ar_240829211453s.nc4,182455,0,,
2017-01-25,oco2_LtCO2_170125_B11210Ar_240829211619s.nc4,147712,420,20.97,20.98
2017-01-26,oco2_LtCO2_170126_B11210Ar_240829211740s.nc4,151917,0,,
2017-01-27,oco2_LtCO2_170127_B11210Ar_240829211915s.nc4,173033,409,20.79,20.79
2017-01-28,oco2_LtCO2_170128_B11210Ar_240829212158s.nc4,178148,0,,
2017-01-29,oco2_LtCO2_170129_B11210Ar_240829212320s.nc4,153538,0,,
2017-01-30,oco2_LtCO2_170130_B11210Ar_240829212549s.nc4,166211,0,,
2017-01-31,oco2_LtCO2_170131_B11210Ar_240829212722s.nc4,194664,0,,
2017-02-01,oco2_LtCO2_170201_B11210Ar_240829200603s.nc4,129696,55,21.07,21.08
2017-02-02,oco2_LtCO2_170202_B11210Ar_240829200952s.nc4,165156,0,,
2017-02-03,oco2_LtCO2_170203_B11210Ar_240829201129s.nc4,176919,43,20.89,20.9
2017-02-04,oco2_LtCO2_170204_B11210Ar_240829201551s.nc4,169619,0,,
2017-02-06,oco2_LtCO2_170206_B11210Ar_240829202202s.nc4,161254,0,,
2017-02-07,oco2_LtCO2_170207_B11210Ar_240829202333s.nc4,185835,0,,
2017-02-08,oco2_LtCO2_170208_B11210Ar_240829202640s.nc4,147580,0,,
2017-02-09,oco2_LtCO2_170209_B11210Ar_240829203054s.nc4,171711,0,,
2017-02-10,oco2_LtCO2_170210_B11210Ar_240829203428s.nc4,177769,0,,
2017-02-11,oco2_LtCO2_170211_B11210Ar_240829203640s.nc4,184644,0,,
2017-02-12,oco2_LtCO2_170212_B11210Ar_240829203952s.nc4,144863,0,,
2017-02-13,oco2_LtCO2_170213_B11210Ar_240829204314s.nc4,156077,0,,
2017-02-14,oco2_LtCO2_170214_B11210Ar_240829204619s.nc4,196951,0,,
2017-02-15,oco2_LtCO2_170215_B11210Ar_240829205045s.nc4,167450,0,,
2017-02-16,oco2_LtCO2_170216_B11210Ar_240829205331s.nc4,183445,0,,
2017-02-17,oco2_LtCO2_170217_B11210Ar_240829205610s.nc4,179746,0,,
2017-02-18,oco2_LtCO2_170218_B11210Ar_240829205754s.nc4,179120,0,,
2017-02-19,oco2_LtCO2_170219_B11210Ar_240829210159s.nc4,153116,0,,
2017-02-20,oco2_LtCO2_170220_B11210Ar_240829210446s.nc4,157883,0,,
2017-02-21,oco2_LtCO2_170221_B11210Ar_240829210616s.nc4,71110,0,,
2017-02-28,oco2_LtCO2_170228_B11210Ar_240829210942s.nc4,143292,45,20.79,20.79
2017-03-01,oco2_LtCO2_170301_B11210Ar_240829200657s.nc4,180695,0,,
2017-03-02,oco2_LtCO2_170302_B11210Ar_240829200827s.nc4,162830,0,,
2017-03-03,oco2_LtCO2_170303_B11210Ar_240829201304s.nc4,150961,0,,
2017-03-04,oco2_LtCO2_170304_B11210Ar_240829201418s.nc4,190413,0,,
2017-03-05,oco2_LtCO2_170305_B11210Ar_240829201853s.nc4,158732,52,21.08,21.09
2017-03-06,oco2_LtCO2_170306_B11210Ar_240829202021s.nc4,165942,0,,
2017-03-07,oco2_LtCO2_170307_B11210Ar_240829202503s.nc4,191893,451,20.88,20.89
2017-03-08,oco2_LtCO2_170308_B11210Ar_240829202642s.nc4,199806,0,,
2017-03-09,oco2_LtCO2_170309_B11210Ar_240829202937s.nc4,144264,0,,
2017-03-10,oco2_LtCO2_170310_B11210Ar_240829203421s.nc4,166299,0,,
2017-03-11,oco2_LtCO2_170311_B11210Ar_240829203646s.nc4,181047,0,,
2017-03-12,oco2_LtCO2_170312_B11210Ar_240829204003s.nc4,139378,0,,
2017-03-13,oco2_LtCO2_170313_B11210Ar_240829204321s.nc4,175828,0,,
2017-03-14,oco2_LtCO2_170314_B11210Ar_240829204736s.nc4,180730,4866,20.93,21.02
2017-03-15,oco2_LtCO2_170315_B11210Ar_240829204905s.nc4,187961,0,,
2017-03-16,oco2_LtCO2_170316_B11210Ar_240829205214s.nc4,155825,0,,
2017-03-17,oco2_LtCO2_170317_B11210Ar_240829205453s.nc4,144993,0,,
2017-03-18,oco2_LtCO2_170318_B11210Ar_240829205907s.nc4,170927,0,,
2017-03-19,oco2_LtCO2_170319_B11210Ar_240829210153s.nc4,167888,0,,
2017-03-20,oco2_LtCO2_170320_B11210Ar_240829210319s.nc4,164047,0,,
2017-03-21,oco2_LtCO2_170321_B11210Ar_240829210655s.nc4,160737,0,,
2017-03-22,oco2_LtCO2_170322_B11210Ar_240829210918s.nc4,188887,0,,
2017-03-23,oco2_LtCO2_170323_B11210Ar_240829211204s.nc4,118726,0,,
2017-03-24,oco2_LtCO2_170324_B11210Ar_240829211334s.nc4,132935,0,,
2017-03-27,oco2_LtCO2_170327_B11210Ar_240829212025s.nc4,149962,0,,
2017-04-01,oco2_LtCO2_170401_B11210Ar_240829200725s.nc4,176452,0,,
2017-04-05,oco2_LtCO2_170405_B11210Ar_240829201855s.nc4,179516,0,,
2017-04-07,oco2_LtCO2_170407_B11210Ar_240829202339s.nc4,152471,0,,
2017-04-09,oco2_LtCO2_170409_B11210Ar_240829203059s.nc4,166542,0,,
2017-04-10,oco2_LtCO2_170410_B11210Ar_240829203241s.nc4,159088,0,,
2017-04-11,oco2_LtCO2_170411_B11210Ar_240829203821s.nc4,149895,0,,
2017-04-12,oco2_LtCO2_170412_B11210Ar_240829204122s.nc4,156713,0,,
2017-04-13,oco2_LtCO2_170413_B11210Ar_240829204441s.nc4,142638,0,,
2017-04-14,oco2_LtCO2_170414_B11210Ar_240829204809s.nc4,142923,0,,
2017-04-21,oco2_LtCO2_170421_B11210Ar_240829210620s.nc4,156148,0,,
2017-04-25,oco2_LtCO2_170425_B11210Ar_240829211501s.nc4,140529,0,,
2017-04-26,oco2_LtCO2_170426_B11210Ar_240829211856s.nc4,165164,0,,
2017-04-27,oco2_LtCO2_170427_B11210Ar_240829212041s.nc4,131449,0,,
2017-04-28,oco2_LtCO2_170428_B11210Ar_240829212144s.nc4,147323,0,,
2017-04-29,oco2_LtCO2_170429_B11210Ar_240829212442s.nc4,149170,6409,21.12,21.22
2017-04-30,oco2_LtCO2_170430_B11210Ar_240829212718s.nc4,166381,0,,
2017-05-01,oco2_LtCO2_170501_B11210Ar_240903231738s.nc4,129249,307,20.97,20.98
2017-05-02,oco2_LtCO2_170502_B11210Ar_240903232058s.nc4,140733,0,,
2017-05-03,oco2_LtCO2_170503_B11210Ar_240903232214s.nc4,163260,0,,
2017-05-04,oco2_LtCO2_170504_B11210Ar_240903232455s.nc4,177679,0,,
2017-05-05,oco2_LtCO2_170505_B11210Ar_240903232621s.nc4,136895,0,,
2017-05-06,oco2_LtCO2_170506_B11210Ar_240903232912s.nc4,137661,0,,
2017-05-07,oco2_LtCO2_170507_B11210Ar_240903233033s.nc4,180643,0,,
2017-05-08,oco2_LtCO2_170508_B11210Ar_240903233243s.nc4,138512,218,21.07,21.08
2017-05-09,oco2_LtCO2_170509_B11210Ar_240903233528s.nc4,141528,0,,
2017-05-10,oco2_LtCO2_170510_B11210Ar_240903233855s.nc4,160510,924,20.87,20.88
2017-05-11,oco2_LtCO2_170511_B11210Ar_240903234057s.nc4,163870,0,,
2017-05-12,oco2_LtCO2_170512_B11210Ar_240903234223s.nc4,158287,0,,
2017-05-13,oco2_LtCO2_170513_B11210Ar_240903234524s.nc4,134796,0,,
2017-05-14,oco2_LtCO2_170514_B11210Ar_240903234701s.nc4,171809,0,,
2017-05-15,oco2_LtCO2_170515_B11210Ar_240903234932s.nc4,140853,0,,
2017-05-16,oco2_LtCO2_170516_B11210Ar_240903235205s.nc4,158481,0,,
2017-05-17,oco2_LtCO2_170517_B11210Ar_240903235408s.nc4,153033,3039,20.92,21.02
2017-05-18,oco2_LtCO2_170518_B11210Ar_240903235546s.nc4,165946,0,,
2017-05-19,oco2_LtCO2_170519_B11210Ar_240903235831s.nc4,95039,0,,
2017-05-20,oco2_LtCO2_170520_B11210Ar_240904000037s.nc4,101552,0,,
2017-05-21,oco2_LtCO2_170521_B11210Ar_240904000133s.nc4,163603,0,,
2017-05-22,oco2_LtCO2_170522_B11210Ar_240904000332s.nc4,143789,0,,
2017-05-23,oco2_LtCO2_170523_B11210Ar_240904000540s.nc4,161480,0,,
2017-05-24,oco2_LtCO2_170524_B11210Ar_240904000743s.nc4,173850,0,,
2017-05-25,oco2_LtCO2_170525_B11210Ar_240904001043s.nc4,182487,0,,
2017-05-26,oco2_LtCO2_170526_B11210Ar_240904001234s.nc4,157678,0,,
2017-05-27,oco2_LtCO2_170527_B11210Ar_240904001359s.nc4,152680,0,,
2017-05-28,oco2_LtCO2_170528_B11210Ar_240904001702s.nc4,187453,0,,
2017-05-29,oco2_LtCO2_170529_B11210Ar_240904001830s.nc4,165144,0,,
2017-05-30,oco2_LtCO2_170530_B11210Ar_240904002042s.nc4,152354,0,,
2017-05-31,oco2_LtCO2_170531_B11210Ar_240904002219s.nc4,131230,0,,
2017-06-01,oco2_LtCO2_170601_B11210Ar_240903231803s.nc4,180956,0,,
2017-06-02,oco2_LtCO2_170602_B11210Ar_240903231938s.nc4,142724,444,20.97,20.98
2017-06-03,oco2_LtCO2_170603_B11210Ar_240903232322s.nc4,140879,0,,
2017-06-04,oco2_LtCO2_170604_B11210Ar_240903232437s.nc4,176755,0,,
2017-06-05,oco2_LtCO2_170605_B11210Ar_240903232731s.nc4,179132,0,,
2017-06-06,oco2_LtCO2_170606_B11210Ar_240903232937s.nc4,167903,0,,
2017-06-07,oco2_LtCO2_170607_B11210Ar_240903233200s.nc4,158122,0,,
2017-06-08,oco2_LtCO2_170608_B11210Ar_240903233418s.nc4,171217,0,,
2017-06-09,oco2_LtCO2_170609_B11210Ar_240903233617s.nc4,142813,391,21.07,21.08
2017-06-10,oco2_LtCO2_170610_B11210Ar_240903233939s.nc4,158376,0,,
2017-06-11,oco2_LtCO2_170611_B11210Ar_240903234215s.nc4,174494,774,20.87,20.88
2017-06-12,oco2_LtCO2_170612_B11210Ar_240903234348s.nc4,182558,0,,
2017-06-13,oco2_LtCO2_170613_B11210Ar_240903234530s.nc4,159865,0,,
2017-06-14,oco2_LtCO2_170614_B11210Ar_240903234811s.nc4,153855,0,,
2017-06-15,oco2_LtCO2_170615_B11210Ar_240903235008s.nc4,181693,0,,
2017-06-16,oco2_LtCO2_170616_B11210Ar_240903235130s.nc4,150284,0,,
2017-06-17,oco2_LtCO2_170617_B11210Ar_240903235454s.nc4,158621,0,,
2017-06-18,oco2_LtCO2_170618_B11210Ar_240903235612s.nc4,176968,0,,
2017-06-19,oco2_LtCO2_170619_B11210Ar_240903235735s.nc4,178852,0,,
2017-06-20,oco2_LtCO2_170620_B11210Ar_240903235920s.nc4,151616,0,,
2017-06-21,oco2_LtCO2_170621_B11210Ar_240904000217s.nc4,149515,0,,
2017-06-22,oco2_LtCO2_170622_B11210Ar_240904000413s.nc4,193074,0,,
2017-06-23,oco2_LtCO2_170623_B11210Ar_240904000626s.nc4,145703,158,21.23,21.32
2017-06-24,oco2_LtCO2_170624_B11210Ar_240904000817s.nc4,145133,0,,
2017-06-25,oco2_LtCO2_170625_B11210Ar_240904000935s.nc4,159157,30,21.03,21.03
2017-06-26,oco2_LtCO2_170626_B11210Ar_240904001207s.nc4,163029,0,,
2017-06-27,oco2_LtCO2_170627_B11210Ar_240904001452s.nc4,151572,0,,
2017-06-28,oco2_LtCO2_170628_B11210Ar_240904001622s.nc4,139923,0,,
2017-06-29,oco2_LtCO2_170629_B11210Ar_240904001905s.nc4,180532,0,,
2017-06-30,oco2_LtCO2_170630_B11210Ar_240904002114s.nc4,137856,0,,
2017-07-01,oco2_LtCO2_170701_B11210Ar_240903231911s.nc4,168796,0,,
2017-07-02,oco2_LtCO2_170702_B11210Ar_240903232035s.nc4,161680,0,,
2017-07-03,oco2_LtCO2_170703_B11210Ar_240903232155s.nc4,179020,0,,
2017-07-04,oco2_LtCO2_170704_B11210Ar_240903232338s.nc4,159507,405,20.97,20.97
2017-07-05,oco2_LtCO2_170705_B11210Ar_240903232606s.nc4,155871,0,,
2017-07-06,oco2_LtCO2_170706_B11210Ar_240903232741s.nc4,200427,0,,
2017-07-07,oco2_LtCO2_170707_B11210Ar_240903233105s.nc4,171902,0,,
2017-07-08,oco2_LtCO2_170708_B11210Ar_240903233339s.nc4,153982,0,,
2017-07-09,oco2_LtCO2_170709_B11210Ar_240903233710s.nc4,147653,0,,
2017-07-10,oco2_LtCO2_170710_B11210Ar_240903233743s.nc4,192783,0,,
2017-07-11,oco2_LtCO2_170711_B11210Ar_240903234038s.nc4,152530,336,21.07,21.08
2017-07-12,oco2_LtCO2_170712_B11210Ar_240903234344s.nc4,165425,0,,
2017-07-13,oco2_LtCO2_170713_B11210Ar_240903234641s.nc4,190855,142,20.87,20.88
2017-07-14,oco2_LtCO2_170714_B11210Ar_240903234825s.nc4,179936,0,,
2017-07-15,oco2_LtCO2_170715_B11210Ar_240903235046s.nc4,173395,0,,
2017-07-16,oco2_LtCO2_170716_B11210Ar_240903235250s.nc4,153044,0,,
2017-07-17,oco2_LtCO2_170717_B11210Ar_240903235330s.nc4,174872,0,,
2017-07-18,oco2_LtCO2_170718_B11210Ar_240903235706s.nc4,150614,0,,
2017-07-19,oco2_LtCO2_170719_B11210Ar_240903235857s.nc4,187613,0,,
2017-07-20,oco2_LtCO2_170720_B11210Ar_240904000053s.nc4,201156,480,20.96,20.98
2017-07-21,oco2_LtCO2_170721_B11210Ar_240904000251s.nc4,179689,0,,
2017-07-22,oco2_LtCO2_170722_B11210Ar_240904000450s.nc4,170382,0,,
2017-07-23,oco2_LtCO2_170723_B11210Ar_240904000659s.nc4,161467,0,,
2017-07-24,oco2_LtCO2_170724_B11210Ar_240904000912s.nc4,193733,0,,
2017-07-25,oco2_LtCO2_170725_B11210Ar_240904001114s.nc4,160081,0,,
2017-07-26,oco2_LtCO2_170726_B11210Ar_240904001327s.nc4,179083,0,,
2017-07-27,oco2_LtCO2_170727_B11210Ar_240904001517s.nc4,176602,8,21.11,21.11
2017-07-28,oco2_LtCO2_170728_B11210Ar_240904001738s.nc4,188733,0,,
2017-07-29,oco2_LtCO2_170729_B11210Ar_240904001955s.nc4,165694,0,,
2017-07-30,oco2_LtCO2_170730_B11210Ar_240904002032s.nc4,13005,0,,
2017-09-19,oco2_LtCO2_170919_B11210Ar_240909222603s.nc4,76229,0,,
2017-09-20,oco2_LtCO2_170920_B11210Ar_240909222926s.nc4,152342,0,,
2017-09-21,oco2_LtCO2_170921_B11210Ar_240909223225s.nc4,107629,0,,
2017-09-22,oco2_LtCO2_170922_B11210Ar_240909223316s.nc4,44348,845,20.97,20.98
2017-09-23,oco2_LtCO2_170923_B11210Ar_240909223645s.nc4,187625,0,,
2017-09-24,oco2_LtCO2_170924_B11210Ar_240909223958s.nc4,166363,0,,
2017-09-25,oco2_LtCO2_170925_B11210Ar_240909224304s.nc4,103903,0,,
2017-09-26,oco2_LtCO2_170926_B11210Ar_240909224652s.nc4,122992,0,,
2017-09-27,oco2_LtCO2_170927_B11210Ar_240909224750s.nc4,40041,0,,
2017-09-28,oco2_LtCO2_170928_B11210Ar_240909225016s.nc4,89631,0,,
2017-09-29,oco2_LtCO2_170929_B11210Ar_240909225218s.nc4,64504,0,,
2017-09-30,oco2_LtCO2_170930_B11210Ar_240909225342s.nc4,169628,0,,
2017-10-01,oco2_LtCO2_171001_B11210Ar_240909222643s.nc4,134146,0,,
2017-10-02,oco2_LtCO2_171002_B11210Ar_240909222929s.nc4,119265,0,,
2017-10-03,oco2_LtCO2_171003_B11210Ar_240909223213s.nc4,120551,0,,
2017-10-04,oco2_LtCO2_171004_B11210Ar_240909223444s.nc4,40331,0,,
2017-10-06,oco2_LtCO2_171006_B11210Ar_240909223902s.nc4,60477,6570,21.12,21.22
2017-10-07,oco2_LtCO2_171007_B11210Ar_240909224310s.nc4,189679,0,,
2017-10-08,oco2_LtCO2_171008_B11210Ar_240909224529s.nc4,149811,409,20.97,20.97
2017-10-09,oco2_LtCO2_171009_B11210Ar_240909224815s.nc4,131934,0,,
2017-10-10,oco2_LtCO2_171010_B11210Ar_240909225044s.nc4,100051,0,,
2017-10-11,oco2_LtCO2_171011_B11210Ar_240909225134s.nc4,81213,0,,
2017-10-12,oco2_LtCO2_171012_B11210Ar_240909225505s.nc4,106583,0,,
2017-10-13,oco2_LtCO2_171013_B11210Ar_240909225553s.nc4,38476,0,,
2017-10-14,oco2_LtCO2_171014_B11210Ar_240909225741s.nc4,188925,0,,
2017-10-15,oco2_LtCO2_171015_B11210Ar_240909230033s.nc4,150491,477,21.07,21.08
2017-10-16,oco2_LtCO2_171016_B11210Ar_240909230236s.nc4,135534,0,,
2017-10-17,oco2_LtCO2_171017_B11210Ar_240909230349s.nc4,116310,0,,
2017-10-18,oco2_LtCO2_171018_B11210Ar_240909230728s.nc4,44166,0,,
2017-10-19,oco2_LtCO2_171019_B11210Ar_240909230749s.nc4,101154,0,,
2017-10-20,oco2_LtCO2_171020_B11210Ar_240909230901s.nc4,61401,0,,
2017-10-21,oco2_LtCO2_171021_B11210Ar_240909231057s.nc4,164090,0,,
2017-10-22,oco2_LtCO2_171022_B11210Ar_240909231337s.nc4,150398,0,,
2017-10-23,oco2_LtCO2_171023_B11210Ar_240909231432s.nc4,134766,0,,
2017-10-24,oco2_LtCO2_171024_B11210Ar_240909231704s.nc4,92107,0,,
2017-10-25,oco2_LtCO2_171025_B11210Ar_240909231911s.nc4,83589,0,,
2017-10-26,oco2_LtCO2_171026_B11210Ar_240909232112s.nc4,88214,0,,
2017-10-27,oco2_LtCO2_171027_B11210Ar_240909232153s.nc4,62076,0,,
2017-10-29,oco2_LtCO2_171029_B11210Ar_240909232503s.nc4,159429,0,,
2017-10-30,oco2_LtCO2_171030_B11210Ar_240909232647s.nc4,115376,0,,
2017-11-04,oco2_LtCO2_171104_B11210Ar_240909222718s.nc4,76716,0,,
2017-11-05,oco2_LtCO2_171105_B11210Ar_240909222804s.nc4,165836,0,,
2017-11-07,oco2_LtCO2_171107_B11210Ar_240909223351s.nc4,158433,0,,
2017-11-08,oco2_LtCO2_171108_B11210Ar_240909223731s.nc4,176465,0,,
2017-11-09,oco2_LtCO2_171109_B11210Ar_240909224132s.nc4,142153,452,20.97,20.98
2017-11-10,oco2_LtCO2_171110_B11210Ar_240909224413s.nc4,133321,0,,
2017-11-11,oco2_LtCO2_171111_B11210Ar_240909224439s.nc4,173880,741,20.78,20.79
2017-11-12,oco2_LtCO2_171112_B11210Ar_240909224854s.nc4,157302,0,,
2017-11-14,oco2_LtCO2_171114_B11210Ar_240909225250s.nc4,137571,0,,
2017-11-16,oco2_LtCO2_171116_B11210Ar_240909225620s.nc4,132325,0,,
2017-11-18,oco2_LtCO2_171118_B11210Ar_240909225951s.nc4,151798,708,20.88,20.9
