region,date,box_candidates,min_hour_utc,max_hour_utc
so_cal_LA_basin,20150102,5212,21.13,21.24
so_cal_LA_basin,20150113,1044,20.89,20.9
so_cal_LA_basin,20150127,4330,21.03,21.13
so_cal_LA_basin,20150205,121,20.99,21.0
so_cal_LA_basin,20150207,256,20.8,20.81
so_cal_LA_basin,20150214,1063,20.89,20.91
so_cal_LA_basin,20150221,203,20.99,20.99
so_cal_LA_basin,20150228,35,21.1,21.1
so_cal_LA_basin,20150307,5071,21.14,21.24
so_cal_LA_basin,20150309,567,20.99,21.01
so_cal_LA_basin,20150318,38,20.9,20.9
so_cal_LA_basin,20150330,5652,21.25,21.36
so_cal_LA_basin,20150401,430,21.09,21.1
so_cal_LA_basin,20150410,172,20.99,21.0
so_cal_LA_basin,20150419,5109,20.84,20.95
so_cal_LA_basin,20150512,323,20.98,20.98
so_cal_LA_basin,20150519,404,21.07,21.09
so_cal_LA_basin,20150528,425,20.98,20.99
so_cal_LA_basin,20150602,6074,21.24,21.35
so_cal_LA_basin,20150606,619,20.88,20.89
so_cal_LA_basin,20150613,77,20.98,20.99
so_cal_LA_basin,20150620,449,21.09,21.09
so_cal_LA_basin,20150704,130,21.24,21.33
so_cal_LA_basin,20150706,295,21.09,21.09
so_cal_LA_basin,20150708,601,20.88,20.89
so_cal_LA_basin,20150715,686,20.98,20.99
so_cal_LA_basin,20150722,2,21.08,21.08
so_cal_LA_basin,20150805,1652,21.23,21.32
so_cal_LA_basin,20150807,362,21.08,21.09
so_cal_LA_basin,20150809,745,20.87,20.89
so_cal_LA_basin,20150816,852,20.98,20.99
so_cal_LA_basin,20150821,132,21.24,21.33
so_cal_LA_basin,20150908,105,21.08,21.09
so_cal_LA_basin,20150910,4,20.89,20.89
so_cal_LA_basin,20150917,4264,20.93,21.02
so_cal_LA_basin,20151010,456,21.07,21.08
so_cal_LA_basin,20151012,372,20.88,20.89
so_cal_LA_basin,20151104,57,20.97,20.97
so_cal_LA_basin,20151111,432,21.07,21.08
so_cal_LA_basin,20151113,786,20.88,20.89
so_cal_LA_basin,20151208,421,20.78,20.79
so_cal_LA_basin,20151215,4783,20.82,20.91
so_cal_LA_basin,20160107,114,20.97,20.98
so_cal_LA_basin,20160109,15,20.79,20.79
so_cal_LA_basin,20160114,130,21.07,21.08
so_cal_LA_basin,20160116,4,20.89,20.9
so_cal_LA_basin,20160208,537,20.97,20.98
so_cal_LA_basin,20160215,468,21.07,21.08
so_cal_LA_basin,20160217,554,20.88,20.89
so_cal_LA_basin,20160311,409,20.97,20.98
so_cal_LA_basin,20160318,473,21.08,21.08
so_cal_LA_basin,20160320,178,20.88,20.88
so_cal_LA_basin,20160327,321,20.98,20.99
so_cal_LA_basin,20160412,444,20.97,20.98
so_cal_LA_basin,20160419,404,21.08,21.09
so_cal_LA_basin,20160428,830,20.98,20.99
so_cal_LA_basin,20160523,1039,20.87,20.89
so_cal_LA_basin,20160615,447,20.97,20.98
so_cal_LA_basin,20160622,384,21.07,21.08
so_cal_LA_basin,20160624,443,20.87,20.88
so_cal_LA_basin,20160708,3402,21.02,21.11
so_cal_LA_basin,20160715,1120,21.12,21.21
so_cal_LA_basin,20160717,325,20.97,20.97
so_cal_LA_basin,20160724,384,21.07,21.07
so_cal_LA_basin,20160726,207,20.86,20.87
so_cal_LA_basin,20160802,892,20.96,20.98
so_cal_LA_basin,20160807,698,21.22,21.31
so_cal_LA_basin,20160825,455,21.07,21.07
so_cal_LA_basin,20160901,5719,21.12,21.21
so_cal_LA_basin,20160903,671,20.97,20.98
so_cal_LA_basin,20160926,227,21.07,21.07
so_cal_LA_basin,20160928,381,20.86,20.87
so_cal_LA_basin,20161005,331,20.97,20.97
so_cal_LA_basin,20161021,508,20.96,20.97
so_cal_LA_basin,20161028,77,21.07,21.07
so_cal_LA_basin,20161030,1,20.89,20.89
so_cal_LA_basin,20161111,6283,21.22,21.32
so_cal_LA_basin,20161122,274,20.97,20.97
so_cal_LA_basin,20161124,465,20.78,20.79
so_cal_LA_basin,20161129,471,21.07,21.08
so_cal_LA_basin,20161201,200,20.88,20.9
so_cal_LA_basin,20161224,111,20.97,20.97
so_cal_LA_basin,20170116,3361,21.02,21.12
so_cal_LA_basin,20170125,420,20.97,20.98
so_cal_LA_basin,20170127,409,20.79,20.79
so_cal_LA_basin,20170201,55,21.07,21.08
so_cal_LA_basin,20170203,43,20.89,20.9
so_cal_LA_basin,20170228,45,20.79,20.79
so_cal_LA_basin,20170305,52,21.08,21.09
so_cal_LA_basin,20170307,451,20.88,20.89
so_cal_LA_basin,20170314,4866,20.93,21.02
so_cal_LA_basin,20170429,6409,21.12,21.22
so_cal_LA_basin,20170501,307,20.97,20.98
so_cal_LA_basin,20170508,218,21.07,21.08
so_cal_LA_basin,20170510,924,20.87,20.88
so_cal_LA_basin,20170517,3039,20.92,21.02
so_cal_LA_basin,20170602,444,20.97,20.98
so_cal_LA_basin,20170609,391,21.07,21.08
so_cal_LA_basin,20170611,774,20.87,20.88
so_cal_LA_basin,20170623,158,21.23,21.32
so_cal_LA_basin,20170625,30,21.03,21.03
so_cal_LA_basin,20170704,405,20.97,20.98
so_cal_LA_basin,20170711,336,21.07,21.08
so_cal_LA_basin,20170713,142,20.87,20.88
so_cal_LA_basin,20170720,480,20.96,20.98
so_cal_LA_basin,20170727,8,21.11,21.11
so_cal_LA_basin,20170922,845,20.97,20.98
so_cal_LA_basin,20171006,6570,21.12,21.22
so_cal_LA_basin,20171008,409,20.97,20.98
so_cal_LA_basin,20171015,477,21.07,21.08
so_cal_LA_basin,20171109,452,20.97,20.98
so_cal_LA_basin,20171111,741,20.78,20.79
so_cal_LA_basin,20171118,708,20.88,20.9
cent_valley_CA,20150102,1,21.26,21.26
cent_valley_CA,20150104,12,21.01,21.01
cent_valley_CA,20150111,565,21.11,21.12
cent_valley_CA,20150113,17,20.91,20.92
cent_valley_CA,20150125,897,21.29,21.31
cent_valley_CA,20150212,411,21.12,21.13
cent_valley_CA,20150214,595,20.92,20.93
cent_valley_CA,20150219,559,21.2,21.22
cent_valley_CA,20150226,505,21.31,21.32
cent_valley_CA,20150228,17,21.11,21.11
cent_valley_CA,20150309,1311,21.01,21.03
cent_valley_CA,20150318,121,20.93,20.93
cent_valley_CA,20150323,1,21.21,21.21
cent_valley_CA,20150408,8,21.21,21.22
cent_valley_CA,20150410,259,21.02,21.03
cent_valley_CA,20150417,1895,21.11,21.13
cent_valley_CA,20150510,1034,21.19,21.21
cent_valley_CA,20150519,3,21.1,21.1
cent_valley_CA,20150526,32,21.2,21.21
cent_valley_CA,20150604,1638,21.1,21.12
cent_valley_CA,20150611,558,21.2,21.22
cent_valley_CA,20150618,660,21.3,21.31
cent_valley_CA,20150620,4,21.11,21.11
cent_valley_CA,20150704,22,21.34,21.34
cent_valley_CA,20150706,135,21.11,21.11
cent_valley_CA,20150713,611,21.19,21.22
cent_valley_CA,20150715,394,21.0,21.02
cent_valley_CA,20150720,187,21.3,21.31
cent_valley_CA,20150722,565,21.09,21.12
cent_valley_CA,20150729,95,21.2,21.2
cent_valley_CA,20150805,65,21.34,21.34
cent_valley_CA,20150814,910,21.19,21.21
cent_valley_CA,20150816,58,21.0,21.01
cent_valley_CA,20150821,25,21.34,21.34
cent_valley_CA,20150823,810,21.1,21.12
cent_valley_CA,20150830,107,21.2,21.2
cent_valley_CA,20150908,504,21.1,21.11
cent_valley_CA,20150910,143,20.91,20.91
cent_valley_CA,20150915,286,21.19,21.2
cent_valley_CA,20150917,217,21.03,21.03
cent_valley_CA,20150922,663,21.29,21.3
cent_valley_CA,20150924,107,21.1,21.1
cent_valley_CA,20151010,552,21.09,21.1
cent_valley_CA,20151012,545,20.9,20.91
cent_valley_CA,20151017,456,21.19,21.19
cent_valley_CA,20151019,1307,21.0,21.02
cent_valley_CA,20151111,554,21.09,21.1
cent_valley_CA,20151113,345,20.89,20.92
cent_valley_CA,20151118,38,21.18,21.18
cent_valley_CA,20151120,921,21.0,21.02
cent_valley_CA,20151215,1,20.93,20.93
cent_valley_CA,20151220,452,21.18,21.19
cent_valley_CA,20151227,1,21.3,21.3
cent_valley_CA,20151229,386,21.11,21.11
cent_valley_CA,20160116,13,20.92,20.92
cent_valley_CA,20160121,7,21.2,21.2
cent_valley_CA,20160123,90,21.0,21.02
cent_valley_CA,20160130,297,21.1,21.12
cent_valley_CA,20160215,305,21.09,21.1
cent_valley_CA,20160222,466,21.19,21.21
cent_valley_CA,20160229,688,21.29,21.3
cent_valley_CA,20160318,499,21.1,21.11
cent_valley_CA,20160325,1070,21.19,21.21
cent_valley_CA,20160327,436,21.0,21.01
cent_valley_CA,20160419,79,21.1,21.1
cent_valley_CA,20160426,69,21.19,21.19
cent_valley_CA,20160528,716,21.19,21.21
cent_valley_CA,20160604,121,21.29,21.3
cent_valley_CA,20160606,984,21.09,21.11
cent_valley_CA,20160613,263,21.19,21.2
cent_valley_CA,20160622,522,21.09,21.1
cent_valley_CA,20160629,1127,21.18,21.2
cent_valley_CA,20160706,662,21.28,21.3
cent_valley_CA,20160708,37,21.12,21.12
cent_valley_CA,20160715,35,21.22,21.22
cent_valley_CA,20160724,538,21.09,21.1
cent_valley_CA,20160731,1339,21.18,21.2
cent_valley_CA,20160802,658,20.99,21.0
cent_valley_CA,20160807,286,21.32,21.32
cent_valley_CA,20160809,1600,21.08,21.1
cent_valley_CA,20160825,490,21.09,21.1
cent_valley_CA,20160901,1,21.22,21.22
cent_valley_CA,20160903,405,20.98,21.0
cent_valley_CA,20160908,703,21.28,21.29
cent_valley_CA,20160910,1494,21.08,21.11
cent_valley_CA,20160926,513,21.08,21.09
cent_valley_CA,20160928,331,20.89,20.9
cent_valley_CA,20161003,157,21.17,21.18
cent_valley_CA,20161005,1592,20.98,21.0
cent_valley_CA,20161010,374,21.28,21.29
cent_valley_CA,20161012,198,21.09,21.09
cent_valley_CA,20161028,5,21.09,21.09
cent_valley_CA,20161104,268,21.18,21.2
cent_valley_CA,20161111,128,21.32,21.33
cent_valley_CA,20161113,45,21.1,21.1
cent_valley_CA,20161129,137,21.09,21.1
cent_valley_CA,20161201,51,20.9,20.91
cent_valley_CA,20161206,4,21.19,21.19
cent_valley_CA,20170116,1,21.13,21.13
cent_valley_CA,20170201,119,21.1,21.1
cent_valley_CA,20170203,119,20.92,20.92
cent_valley_CA,20170305,183,21.1,21.11
cent_valley_CA,20170312,1238,21.19,21.21
cent_valley_CA,20170314,147,21.03,21.04
cent_valley_CA,20170321,227,21.11,21.12
cent_valley_CA,20170413,183,21.18,21.2
cent_valley_CA,20170429,183,21.22,21.23
cent_valley_CA,20170508,449,21.1,21.1
cent_valley_CA,20170515,172,21.19,21.2
cent_valley_CA,20170522,690,21.29,21.3
cent_valley_CA,20170524,189,21.11,21.11
cent_valley_CA,20170531,697,21.19,21.2
cent_valley_CA,20170609,357,21.09,21.1
cent_valley_CA,20170616,527,21.18,21.2
cent_valley_CA,20170623,192,21.32,21.33
cent_valley_CA,20170702,387,21.19,21.2
cent_valley_CA,20170711,596,21.09,21.1
cent_valley_CA,20170718,1088,21.18,21.2
cent_valley_CA,20170720,384,20.99,21.0
cent_valley_CA,20170725,638,21.29,21.3
cent_valley_CA,20170727,86,21.12,21.13
cent_valley_CA,20170920,1007,21.18,21.2
cent_valley_CA,20170922,956,20.99,21.01
cent_valley_CA,20170927,745,21.29,21.3
cent_valley_CA,20170929,181,21.1,21.11
cent_valley_CA,20171006,186,21.22,21.23
cent_valley_CA,20171015,298,21.09,21.09
cent_valley_CA,20171022,1032,21.18,21.2
cent_valley_CA,20171029,66,21.29,21.29
cent_valley_CA,20171111,199,20.81,20.82
cent_valley_CA,20171118,684,20.9,20.92
co_front_range,20150128,297,20.18,20.18
co_front_range,20150404,568,20.0,20.01
co_front_range,20150522,126,19.98,19.98
co_front_range,20150614,82,20.08,20.09
co_front_range,20150621,37,20.19,20.19
co_front_range,20150623,518,19.98,19.99
co_front_range,20150630,25,20.09,20.09
co_front_range,20150716,14,20.08,20.09
co_front_range,20150801,286,20.08,20.08
co_front_range,20150808,6,20.18,20.18
co_front_range,20150810,40,19.99,19.99
co_front_range,20150902,134,20.08,20.08
co_front_range,20150909,331,20.17,20.18
co_front_range,20150911,191,19.98,19.99
co_front_range,20151011,306,20.17,20.18
co_front_range,20151013,307,19.98,19.99
co_front_range,20151105,1,20.07,20.07
co_front_range,20151107,402,19.88,19.89
co_front_range,20151112,207,20.17,20.17
co_front_range,20151214,195,20.17,20.18
co_front_range,20160110,97,19.89,19.9
co_front_range,20160115,3,20.18,20.18
co_front_range,20160117,3,19.99,19.99
co_front_range,20160209,51,20.07,20.08
co_front_range,20160216,2,20.18,20.18
co_front_range,20160218,135,19.99,19.99
co_front_range,20160319,1,20.17,20.17
co_front_range,20160413,85,20.08,20.08
co_front_range,20160420,2,20.18,20.18
co_front_range,20160422,670,19.98,19.99
co_front_range,20160524,114,19.98,19.98
co_front_range,20160531,1,20.08,20.08
co_front_range,20160616,223,20.07,20.08
co_front_range,20160623,10,20.17,20.18
co_front_range,20160625,2,19.98,19.98
co_front_range,20160725,11,20.16,20.17
co_front_range,20160727,729,19.97,19.98
co_front_range,20160803,25,20.07,20.08
co_front_range,20160828,37,19.97,19.98
co_front_range,20160922,103,19.87,19.87
co_front_range,20160927,647,20.16,20.17
co_front_range,20160929,13,19.97,19.97
co_front_range,20161022,148,20.06,20.07
co_front_range,20161024,567,19.87,19.88
co_front_range,20161118,223,19.79,19.79
co_front_range,20161123,253,20.07,20.07
co_front_range,20161125,26,19.88,19.89
co_front_range,20161130,241,20.17,20.17
co_front_range,20161227,37,19.89,19.9
co_front_range,20170101,1,20.17,20.17
co_front_range,20170126,174,20.07,20.08
co_front_range,20170204,106,19.99,20.0
co_front_range,20170301,213,19.89,19.89
co_front_range,20170306,18,20.17,20.18
co_front_range,20170308,158,19.99,20.0
co_front_range,20170409,722,19.98,19.99
co_front_range,20170511,1,19.94,19.94
co_front_range,20170603,6,20.07,20.08
co_front_range,20170610,283,20.17,20.18
co_front_range,20170612,324,19.97,19.98
co_front_range,20170619,33,20.07,20.07
co_front_range,20170705,112,20.04,20.04
co_front_range,20170721,77,20.07,20.08
co_front_range,20171016,4,20.17,20.18
co_front_range,20171018,1,19.98,19.98
co_front_range,20171112,25,19.89,19.89
houston_tx,20150212,270,19.44,19.44
houston_tx,20150330,5,19.63,19.63
houston_tx,20150627,189,19.52,19.53
houston_tx,20150713,248,19.52,19.53
houston_tx,20150720,7,19.62,19.62
houston_tx,20150805,34,19.62,19.62
houston_tx,20150814,146,19.52,19.53
houston_tx,20150906,6,19.62,19.62
houston_tx,20150913,28,19.72,19.72
houston_tx,20150915,192,19.52,19.53
houston_tx,20151010,6,19.36,19.36
houston_tx,20151015,64,19.71,19.71
houston_tx,20151017,25,19.52,19.52
houston_tx,20151102,73,19.46,19.46
houston_tx,20151109,135,19.61,19.61
houston_tx,20151111,144,19.42,19.42
houston_tx,20151211,14,19.61,19.62
houston_tx,20151218,70,19.71,19.71
houston_tx,20160112,312,19.61,19.62
houston_tx,20160119,51,19.71,19.72
houston_tx,20160206,147,19.47,19.47
houston_tx,20160213,9,19.62,19.62
houston_tx,20160215,3,19.43,19.43
houston_tx,20160325,632,19.52,19.53
houston_tx,20160528,469,19.51,19.52
houston_tx,20160620,32,19.62,19.62
houston_tx,20160627,1,19.71,19.71
houston_tx,20160629,20,19.5,19.51
houston_tx,20160706,4,19.61,19.61
houston_tx,20160729,110,19.71,19.71
houston_tx,20160731,134,19.5,19.51
houston_tx,20160901,82,19.51,19.52
houston_tx,20160924,22,19.61,19.61
houston_tx,20161003,157,19.51,19.51
houston_tx,20161026,219,19.6,19.61
houston_tx,20161028,446,19.41,19.42
houston_tx,20161129,1,19.43,19.43
houston_tx,20170130,319,19.61,19.62
houston_tx,20170201,12,19.43,19.43
houston_tx,20170208,2,19.47,19.47
houston_tx,20170303,230,19.62,19.62
houston_tx,20170413,35,19.51,19.52
houston_tx,20170506,303,19.61,19.62
houston_tx,20170513,71,19.71,19.72
houston_tx,20170515,316,19.51,19.52
houston_tx,20170607,17,19.61,19.62
houston_tx,20170614,3,19.71,19.71
houston_tx,20170616,184,19.51,19.52
houston_tx,20170709,3,19.61,19.61
houston_tx,20171013,19,19.61,19.61
houston_tx,20171015,100,19.42,19.42
houston_tx,20171114,305,19.61,19.62
permian_westTX,20150128,610,20.14,20.15
permian_westTX,20150208,981,19.86,19.87
permian_westTX,20150310,3,20.06,20.06
permian_westTX,20150312,481,19.86,19.86
permian_westTX,20150326,913,20.05,20.06
permian_westTX,20150520,1,20.14,20.14
permian_westTX,20150522,3,19.94,19.94
permian_westTX,20150529,735,20.04,20.05
permian_westTX,20150614,700,20.04,20.05
permian_westTX,20150621,944,20.15,20.16
permian_westTX,20150623,323,19.94,19.95
permian_westTX,20150630,18,20.05,20.06
permian_westTX,20150707,2,20.14,20.14
permian_westTX,20150716,276,20.04,20.05
permian_westTX,20150801,45,20.04,20.05
permian_westTX,20150808,690,20.14,20.15
permian_westTX,20150810,320,19.94,19.95
permian_westTX,20150902,494,20.04,20.05
permian_westTX,20150909,12,20.14,20.14
permian_westTX,20150911,83,19.94,19.95
permian_westTX,20151011,159,20.13,20.14
permian_westTX,20151013,1098,19.94,19.95
permian_westTX,20151105,871,20.03,20.04
permian_westTX,20151107,761,19.84,19.85
permian_westTX,20151112,736,20.13,20.14
permian_westTX,20151207,85,20.03,20.03
permian_westTX,20151209,90,19.85,19.86
permian_westTX,20151214,995,20.13,20.14
permian_westTX,20151216,249,19.95,19.96
permian_westTX,20160110,4,19.85,19.85
permian_westTX,20160115,360,20.13,20.14
permian_westTX,20160117,190,19.96,19.96
permian_westTX,20160124,238,20.05,20.06
permian_westTX,20160209,983,20.03,20.04
permian_westTX,20160211,799,19.84,19.85
permian_westTX,20160216,375,20.13,20.14
permian_westTX,20160218,1072,19.94,19.96
permian_westTX,20160225,84,20.05,20.05
permian_westTX,20160312,871,20.03,20.05
permian_westTX,20160319,819,20.14,20.15
permian_westTX,20160321,1086,19.94,19.95
permian_westTX,20160413,490,20.03,20.04
permian_westTX,20160420,685,20.14,20.15
permian_westTX,20160422,706,19.94,19.95
permian_westTX,20160429,620,20.04,20.05
permian_westTX,20160531,613,20.04,20.05
permian_westTX,20160616,676,20.03,20.04
permian_westTX,20160623,938,20.13,20.14
permian_westTX,20160625,158,19.93,19.93
permian_westTX,20160702,24,20.03,20.03
permian_westTX,20160718,793,20.02,20.04
permian_westTX,20160725,92,20.13,20.14
permian_westTX,20160727,169,19.93,19.94
permian_westTX,20160803,501,20.03,20.04
permian_westTX,20160828,169,19.93,19.94
permian_westTX,20160904,139,20.03,20.04
permian_westTX,20160920,42,20.03,20.03
permian_westTX,20160922,5,19.83,19.83
permian_westTX,20160927,118,20.12,20.13
permian_westTX,20160929,937,19.93,19.94
permian_westTX,20161022,983,20.02,20.03
permian_westTX,20161024,1061,19.83,19.85
permian_westTX,20161031,452,19.94,19.94
permian_westTX,20161118,205,19.75,19.75
permian_westTX,20161123,993,20.03,20.04
permian_westTX,20161130,992,20.13,20.14
permian_westTX,20161225,506,20.03,20.04
permian_westTX,20170101,683,20.13,20.14
permian_westTX,20170126,891,20.03,20.04
permian_westTX,20170128,1094,19.84,19.86
permian_westTX,20170202,540,20.13,20.14
permian_westTX,20170301,421,19.85,19.86
permian_westTX,20170308,902,19.95,19.96
permian_westTX,20170315,257,20.05,20.05
permian_westTX,20170407,870,20.13,20.15
permian_westTX,20170409,597,19.94,19.95
permian_westTX,20170502,392,20.03,20.04
permian_westTX,20170509,207,20.13,20.14
permian_westTX,20170511,445,19.93,19.93
permian_westTX,20170518,934,20.03,20.05
permian_westTX,20170603,5,20.04,20.04
permian_westTX,20170610,774,20.13,20.14
permian_westTX,20170612,991,19.93,19.94
permian_westTX,20170619,374,20.04,20.04
permian_westTX,20170705,171,20.03,20.03
permian_westTX,20170712,353,20.13,20.14
permian_westTX,20171009,978,20.03,20.04
permian_westTX,20171016,984,20.13,20.14
permian_westTX,20171105,71,19.75,19.75
permian_westTX,20171112,27,19.86,19.86
north_china_plain,20150213,1,5.37,5.37
north_china_plain,20150301,934,5.35,5.37
north_china_plain,20150310,158,5.27,5.28
north_china_plain,20150317,52,5.37,5.37
north_china_plain,20150324,712,5.46,5.47
north_china_plain,20150402,2,5.36,5.36
north_china_plain,20150411,7,5.28,5.28
north_china_plain,20150420,401,5.17,5.17
north_china_plain,20150511,258,5.45,5.45
north_china_plain,20150518,178,5.55,5.55
north_china_plain,20150520,384,5.34,5.35
north_china_plain,20150605,215,5.35,5.37
north_china_plain,20150612,70,5.45,5.45
north_china_plain,20150619,5,5.56,5.56
north_china_plain,20150630,684,5.25,5.26
north_china_plain,20150723,33,5.36,5.36
north_china_plain,20150826,4,5.15,5.16
north_china_plain,20150902,174,5.25,5.26
north_china_plain,20150907,9,5.55,5.55
north_china_plain,20150925,958,5.34,5.35
north_china_plain,20150927,60,5.15,5.16
north_china_plain,20151009,183,5.54,5.54
north_china_plain,20151103,750,5.44,5.45
north_china_plain,20151130,20,5.16,5.17
north_china_plain,20151205,571,5.44,5.45
north_china_plain,20151207,30,5.26,5.27
north_china_plain,20151212,6,5.54,5.54
north_china_plain,20151221,10,5.47,5.47
north_china_plain,20151230,816,5.34,5.35
north_china_plain,20160101,72,5.16,5.17
north_china_plain,20160106,738,5.44,5.45
north_china_plain,20160108,259,5.26,5.27
north_china_plain,20160113,141,5.54,5.55
north_china_plain,20160115,106,5.37,5.37
north_china_plain,20160126,14,5.07,5.07
north_china_plain,20160131,636,5.34,5.35
north_china_plain,20160209,350,5.25,5.27
north_china_plain,20160214,160,5.54,5.55
north_china_plain,20160216,222,5.36,5.36
north_china_plain,20160310,630,5.44,5.46
north_china_plain,20160312,1,5.27,5.27
north_china_plain,20160413,103,5.26,5.26
north_china_plain,20160418,201,5.55,5.55
north_china_plain,20160420,174,5.36,5.36
north_china_plain,20160506,215,5.35,5.36
north_china_plain,20160508,76,5.16,5.16
north_china_plain,20160515,178,5.25,5.26
north_china_plain,20160607,71,5.35,5.35
north_china_plain,20160616,446,5.24,5.25
north_china_plain,20160709,1,5.34,5.34
north_china_plain,20160723,83,5.54,5.54
north_china_plain,20160918,1,5.44,5.44
north_china_plain,20160920,919,5.24,5.25
north_china_plain,20161008,16,5.04,5.05
north_china_plain,20161013,103,5.32,5.34
north_china_plain,20161114,676,5.33,5.34
north_china_plain,20161116,62,5.16,5.16
north_china_plain,20161123,239,5.25,5.26
north_china_plain,20161216,647,5.33,5.34
north_china_plain,20161218,90,5.16,5.17
north_china_plain,20161223,637,5.44,5.45
north_china_plain,20161230,22,5.54,5.54
north_china_plain,20170112,57,5.06,5.06
north_china_plain,20170117,47,5.34,5.35
north_china_plain,20170119,1,5.17,5.17
north_china_plain,20170124,16,5.44,5.44
north_china_plain,20170126,146,5.27,5.27
north_china_plain,20170218,562,5.34,5.35
north_china_plain,20170304,67,5.55,5.55
north_china_plain,20170306,48,5.36,5.36
north_china_plain,20170405,8,5.55,5.55
north_china_plain,20170425,19,5.15,5.15
north_china_plain,20170525,660,5.34,5.35
north_china_plain,20170527,19,5.15,5.15
north_china_plain,20170601,702,5.44,5.45
north_china_plain,20170608,165,5.54,5.54
north_china_plain,20170626,366,5.34,5.35
north_china_plain,20170710,76,5.54,5.54
north_china_plain,20170712,42,5.35,5.35
north_china_plain,20170728,13,5.34,5.34
north_china_plain,20170930,7,5.35,5.35
north_china_plain,20171110,49,5.26,5.26
indo_gangetic_delhi,20150116,470,8.17,8.18
indo_gangetic_delhi,20150125,214,8.08,8.08
indo_gangetic_delhi,20150210,649,8.09,8.11
indo_gangetic_delhi,20150212,262,7.9,7.9
indo_gangetic_delhi,20150217,1,8.18,8.18
indo_gangetic_delhi,20150305,6,8.2,8.2
indo_gangetic_delhi,20150307,18,8.0,8.01
indo_gangetic_delhi,20150316,335,7.89,7.9
indo_gangetic_delhi,20150321,919,8.18,8.2
indo_gangetic_delhi,20150328,73,8.29,8.3
indo_gangetic_delhi,20150406,58,8.2,8.2
indo_gangetic_delhi,20150408,53,7.99,8.0
indo_gangetic_delhi,20150417,18,7.89,7.9
indo_gangetic_delhi,20150517,46,8.07,8.08
indo_gangetic_delhi,20150711,9,8.18,8.19
indo_gangetic_delhi,20150906,69,8.08,8.09
indo_gangetic_delhi,20150922,50,8.07,8.07
indo_gangetic_delhi,20150924,3,7.87,7.87
indo_gangetic_delhi,20151008,509,8.08,8.09
indo_gangetic_delhi,20151024,327,8.06,8.08
indo_gangetic_delhi,20151107,11,8.27,8.27
indo_gangetic_delhi,20151109,4,8.08,8.08
indo_gangetic_delhi,20151120,47,7.78,7.79
indo_gangetic_delhi,20151202,3,8.18,8.18
indo_gangetic_delhi,20151204,1414,7.98,8.0
indo_gangetic_delhi,20151211,756,8.08,8.09
indo_gangetic_delhi,20151222,63,7.79,7.79
indo_gangetic_delhi,20151227,587,8.06,8.08
indo_gangetic_delhi,20151229,335,7.89,7.9
indo_gangetic_delhi,20160103,243,8.17,8.17
indo_gangetic_delhi,20160105,1,8.0,8.0
indo_gangetic_delhi,20160110,1131,8.27,8.28
indo_gangetic_delhi,20160112,1026,8.09,8.1
indo_gangetic_delhi,20160128,121,8.06,8.08
indo_gangetic_delhi,20160130,3,7.89,7.89
indo_gangetic_delhi,20160204,912,8.17,8.18
indo_gangetic_delhi,20160206,509,7.98,7.99
indo_gangetic_delhi,20160211,702,8.27,8.28
indo_gangetic_delhi,20160229,21,8.08,8.08
indo_gangetic_delhi,20160302,190,7.88,7.89
indo_gangetic_delhi,20160309,46,7.98,7.99
indo_gangetic_delhi,20160314,82,8.27,8.29
indo_gangetic_delhi,20160316,51,8.08,8.08
indo_gangetic_delhi,20160323,164,8.18,8.18
indo_gangetic_delhi,20160408,225,8.17,8.18
indo_gangetic_delhi,20160424,36,8.18,8.19
indo_gangetic_delhi,20160807,146,8.06,8.07
indo_gangetic_delhi,20160917,1,7.96,7.96
indo_gangetic_delhi,20160922,1,8.26,8.26
indo_gangetic_delhi,20161012,34,7.86,7.88
indo_gangetic_delhi,20161017,141,8.16,8.17
indo_gangetic_delhi,20161019,322,7.97,7.98
indo_gangetic_delhi,20161024,627,8.26,8.28
indo_gangetic_delhi,20161026,836,8.07,8.08
indo_gangetic_delhi,20161106,98,7.78,7.78
indo_gangetic_delhi,20161111,696,8.06,8.07
indo_gangetic_delhi,20161113,63,7.87,7.87
indo_gangetic_delhi,20161118,1171,8.16,8.18
indo_gangetic_delhi,20161120,1197,7.98,7.99
indo_gangetic_delhi,20161125,1163,8.27,8.28
indo_gangetic_delhi,20161127,682,8.08,8.09
indo_gangetic_delhi,20161208,146,7.78,7.79
indo_gangetic_delhi,20161213,107,8.06,8.08
indo_gangetic_delhi,20161215,736,7.88,7.89
indo_gangetic_delhi,20161220,1122,8.16,8.18
indo_gangetic_delhi,20161222,1313,7.98,8.0
indo_gangetic_delhi,20161227,1045,8.27,8.28
indo_gangetic_delhi,20161229,298,8.08,8.09
indo_gangetic_delhi,20170123,1,7.98,7.98
indo_gangetic_delhi,20170128,551,8.27,8.28
indo_gangetic_delhi,20170130,504,8.08,8.09
indo_gangetic_delhi,20170215,144,8.07,8.08
indo_gangetic_delhi,20170301,9,8.28,8.29
indo_gangetic_delhi,20170321,74,7.88,7.89
indo_gangetic_delhi,20170524,58,7.87,7.88
indo_gangetic_delhi,20170605,119,8.27,8.28
indo_gangetic_delhi,20170725,22,8.07,8.07
indo_gangetic_delhi,20171024,2,7.78,7.78
indo_gangetic_delhi,20171029,4,8.07,8.08
indo_gangetic_delhi,20171105,128,8.17,8.18
indo_gangetic_delhi,20171107,42,7.98,7.98
indo_gangetic_delhi,20171112,439,8.27,8.28
po_valley_italy,20150112,39,12.0,12.0
po_valley_italy,20150211,369,12.2,12.21
po_valley_italy,20150218,442,12.28,12.29
po_valley_italy,20150306,452,12.3,12.31
po_valley_italy,20150308,483,12.1,12.1
po_valley_italy,20150407,546,12.3,12.31
po_valley_italy,20150409,584,12.1,12.1
po_valley_italy,20150509,49,12.27,12.28
po_valley_italy,20150603,411,12.18,12.19
po_valley_italy,20150608,277,12.48,12.49
po_valley_italy,20150610,23,12.28,12.28
po_valley_italy,20150617,75,12.38,12.39
po_valley_italy,20150626,490,12.29,12.29
po_valley_italy,20150712,298,12.28,12.28
po_valley_italy,20150719,359,12.38,12.39
po_valley_italy,20150721,259,12.18,12.19
po_valley_italy,20150726,136,12.48,12.48
po_valley_italy,20150728,39,12.28,12.28
po_valley_italy,20150813,382,12.27,12.28
po_valley_italy,20150820,435,12.38,12.38
po_valley_italy,20150822,179,12.18,12.19
po_valley_italy,20150827,304,12.48,12.48
po_valley_italy,20150829,465,12.29,12.29
po_valley_italy,20150914,15,12.27,12.28
po_valley_italy,20150921,18,12.37,12.37
po_valley_italy,20151011,1,11.98,11.98
po_valley_italy,20151016,163,12.27,12.27
po_valley_italy,20151023,487,12.37,12.38
po_valley_italy,20151112,74,11.98,11.99
po_valley_italy,20151119,3,12.08,12.08
po_valley_italy,20151124,394,12.37,12.37
po_valley_italy,20151126,142,12.19,12.2
po_valley_italy,20151201,116,12.47,12.47
po_valley_italy,20151207,57,11.89,11.89
po_valley_italy,20151214,3,11.99,11.99
po_valley_italy,20151219,376,12.27,12.27
po_valley_italy,20151226,33,12.37,12.38
po_valley_italy,20151228,43,12.2,12.2
po_valley_italy,20160115,460,11.99,12.0
po_valley_italy,20160120,422,12.27,12.27
po_valley_italy,20160122,8,12.1,12.1
po_valley_italy,20160127,187,12.37,12.37
po_valley_italy,20160129,176,12.2,12.2
po_valley_italy,20160203,25,12.47,12.47
po_valley_italy,20160205,61,12.29,12.29
po_valley_italy,20160221,222,12.27,12.27
po_valley_italy,20160301,16,12.19,12.2
po_valley_italy,20160306,37,12.48,12.48
po_valley_italy,20160308,84,12.29,12.3
po_valley_italy,20160317,43,12.13,12.13
po_valley_italy,20160324,472,12.27,12.28
po_valley_italy,20160326,423,12.08,12.09
po_valley_italy,20160407,11,12.48,12.48
po_valley_italy,20160409,2,12.29,12.29
po_valley_italy,20160427,21,12.08,12.09
po_valley_italy,20160504,515,12.18,12.19
po_valley_italy,20160527,132,12.27,12.27
po_valley_italy,20160603,5,12.37,12.37
po_valley_italy,20160605,1,12.18,12.18
po_valley_italy,20160610,117,12.48,12.48
po_valley_italy,20160612,5,12.28,12.28
po_valley_italy,20160628,428,12.26,12.27
po_valley_italy,20160707,262,12.16,12.17
po_valley_italy,20160714,443,12.27,12.28
po_valley_italy,20160730,228,12.26,12.27
po_valley_italy,20160806,195,12.36,12.37
po_valley_italy,20160808,466,12.17,12.18
po_valley_italy,20160831,432,12.26,12.27
po_valley_italy,20160902,285,12.07,12.07
po_valley_italy,20160907,238,12.36,12.37
po_valley_italy,20160909,388,12.17,12.18
po_valley_italy,20160927,19,11.97,11.97
po_valley_italy,20161002,31,12.25,12.25
po_valley_italy,20161004,458,12.07,12.07
po_valley_italy,20161011,1,12.18,12.18
po_valley_italy,20161103,180,12.26,12.27
po_valley_italy,20161112,285,12.19,12.19
po_valley_italy,20161130,319,11.98,11.99
po_valley_italy,20161205,53,12.27,12.27
po_valley_italy,20161207,71,12.09,12.1
po_valley_italy,20161212,91,12.37,12.37
po_valley_italy,20170101,133,11.99,11.99
po_valley_italy,20170106,415,12.26,12.27
po_valley_italy,20170108,49,12.09,12.1
po_valley_italy,20170115,359,12.19,12.2
po_valley_italy,20170120,457,12.47,12.48
po_valley_italy,20170207,51,12.27,12.27
po_valley_italy,20170214,425,12.37,12.38
po_valley_italy,20170216,438,12.19,12.2
po_valley_italy,20170311,498,12.27,12.28
po_valley_italy,20170313,168,12.09,12.09
po_valley_italy,20170320,172,12.19,12.19
po_valley_italy,20170327,280,12.29,12.29
po_valley_italy,20170412,87,12.27,12.27
po_valley_italy,20170414,178,12.07,12.08
po_valley_italy,20170421,510,12.18,12.18
po_valley_italy,20170428,222,12.28,12.28
po_valley_italy,20170514,34,12.27,12.27
po_valley_italy,20170516,63,12.08,12.08
po_valley_italy,20170521,488,12.37,12.38
po_valley_italy,20170523,384,12.17,12.18
po_valley_italy,20170528,402,12.47,12.48
po_valley_italy,20170530,560,12.27,12.28
po_valley_italy,20170615,2,12.27,12.27
po_valley_italy,20170622,459,12.37,12.37
po_valley_italy,20170624,387,12.17,12.18
po_valley_italy,20170629,137,12.47,12.47
po_valley_italy,20170701,90,12.27,12.28
po_valley_italy,20170717,545,12.26,12.27
po_valley_italy,20170724,8,12.36,12.36
po_valley_italy,20170726,73,12.17,12.17
po_valley_italy,20170921,492,12.08,12.08
po_valley_italy,20170926,27,12.37,12.37
po_valley_italy,20171016,595,11.98,11.98
po_valley_italy,20171023,504,12.08,12.09
po_valley_italy,20171030,19,12.19,12.19
appalachia_seUS,20150105,324,18.43,18.45
appalachia_seUS,20150128,696,18.51,18.52
appalachia_seUS,20150130,358,18.33,18.34
appalachia_seUS,20150213,50,18.54,18.54
appalachia_seUS,20150218,21,18.83,18.84
appalachia_seUS,20150220,909,18.62,18.64
appalachia_seUS,20150227,568,18.73,18.74
appalachia_seUS,20150308,150,18.65,18.65
appalachia_seUS,20150317,453,18.53,18.54
appalachia_seUS,20150324,373,18.62,18.63
appalachia_seUS,20150331,901,18.73,18.74
appalachia_seUS,20150404,68,18.34,18.34
appalachia_seUS,20150411,891,18.43,18.45
appalachia_seUS,20150509,161,18.82,18.83
appalachia_seUS,20150518,9,18.71,18.71
appalachia_seUS,20150529,71,18.41,18.42
appalachia_seUS,20150605,32,18.52,18.52
appalachia_seUS,20150610,124,18.83,18.83
appalachia_seUS,20150612,107,18.62,18.62
appalachia_seUS,20150621,535,18.52,18.53
appalachia_seUS,20150628,333,18.62,18.63
appalachia_seUS,20150630,158,18.42,18.43
appalachia_seUS,20150705,15,18.73,18.73
appalachia_seUS,20150723,3,18.51,18.52
appalachia_seUS,20150730,2,18.62,18.62
appalachia_seUS,20150801,717,18.41,18.43
appalachia_seUS,20150808,73,18.52,18.53
appalachia_seUS,20150813,80,18.82,18.83
appalachia_seUS,20150824,3,18.52,18.52
appalachia_seUS,20150831,20,18.61,18.62
appalachia_seUS,20150902,2,18.42,18.42
appalachia_seUS,20150907,100,18.72,18.73
appalachia_seUS,20150914,467,18.82,18.83
appalachia_seUS,20150916,33,18.63,18.64
appalachia_seUS,20151011,207,18.52,18.53
appalachia_seUS,20151016,714,18.81,18.82
appalachia_seUS,20151018,184,18.62,18.63
appalachia_seUS,20151103,105,18.62,18.62
appalachia_seUS,20151105,5,18.43,18.43
appalachia_seUS,20151110,603,18.71,18.72
appalachia_seUS,20151112,705,18.52,18.54
appalachia_seUS,20151123,187,18.23,18.23
appalachia_seUS,20151205,1039,18.61,18.62
appalachia_seUS,20151207,316,18.42,18.43
appalachia_seUS,20151214,239,18.54,18.54
appalachia_seUS,20151219,756,18.81,18.82
appalachia_seUS,20160106,630,18.61,18.62
appalachia_seUS,20160113,1099,18.71,18.72
appalachia_seUS,20160131,5,18.52,18.52
appalachia_seUS,20160317,532,18.71,18.73
appalachia_seUS,20160326,299,18.63,18.64
appalachia_seUS,20160404,677,18.51,18.52
appalachia_seUS,20160411,2,18.62,18.62
appalachia_seUS,20160413,145,18.42,18.43
appalachia_seUS,20160418,1067,18.71,18.73
appalachia_seUS,20160420,206,18.52,18.53
appalachia_seUS,20160513,103,18.62,18.63
appalachia_seUS,20160515,357,18.41,18.43
appalachia_seUS,20160607,105,18.51,18.52
appalachia_seUS,20160614,627,18.61,18.62
appalachia_seUS,20160616,528,18.41,18.42
appalachia_seUS,20160621,196,18.71,18.71
appalachia_seUS,20160623,18,18.5,18.51
appalachia_seUS,20160628,50,18.81,18.82
appalachia_seUS,20160630,361,18.61,18.62
appalachia_seUS,20160709,5,18.51,18.51
appalachia_seUS,20160718,23,18.4,18.41
appalachia_seUS,20160723,56,18.71,18.71
appalachia_seUS,20160725,84,18.5,18.51
appalachia_seUS,20160730,13,18.81,18.81
appalachia_seUS,20160831,43,18.81,18.81
appalachia_seUS,20160902,135,18.62,18.62
appalachia_seUS,20160911,36,18.5,18.51
appalachia_seUS,20160918,7,18.6,18.6
appalachia_seUS,20160920,74,18.41,18.42
appalachia_seUS,20160925,349,18.7,18.71
appalachia_seUS,20160927,231,18.51,18.52
appalachia_seUS,20161004,2,18.61,18.61
appalachia_seUS,20161013,206,18.5,18.5
appalachia_seUS,20161015,182,18.31,18.32
appalachia_seUS,20161020,89,18.6,18.6
appalachia_seUS,20161022,487,18.41,18.42
appalachia_seUS,20161116,1224,18.32,18.33
appalachia_seUS,20161121,1118,18.6,18.62
appalachia_seUS,20161223,519,18.6,18.61
appalachia_seUS,20161225,230,18.42,18.43
appalachia_seUS,20170119,491,18.32,18.33
appalachia_seUS,20170124,768,18.6,18.61
appalachia_seUS,20170126,628,18.42,18.43
appalachia_seUS,20170131,170,18.71,18.71
appalachia_seUS,20170202,112,18.53,18.54
appalachia_seUS,20170209,166,18.63,18.64
appalachia_seUS,20170304,869,18.71,18.73
appalachia_seUS,20170322,433,18.52,18.52
appalachia_seUS,20170405,69,18.72,18.73
appalachia_seUS,20170407,27,18.51,18.52
appalachia_seUS,20170412,509,18.81,18.82
appalachia_seUS,20170430,1,18.62,18.62
appalachia_seUS,20170502,730,18.41,18.42
appalachia_seUS,20170507,516,18.71,18.72
appalachia_seUS,20170509,10,18.51,18.52
appalachia_seUS,20170514,722,18.81,18.82
appalachia_seUS,20170516,665,18.61,18.63
appalachia_seUS,20170525,10,18.51,18.51
appalachia_seUS,20170603,447,18.41,18.42
appalachia_seUS,20170608,69,18.71,18.71
appalachia_seUS,20170610,16,18.51,18.51
appalachia_seUS,20170615,5,18.81,18.81
appalachia_seUS,20170617,25,18.61,18.62
appalachia_seUS,20170624,2,18.72,18.72
appalachia_seUS,20170626,335,18.51,18.51
appalachia_seUS,20170703,23,18.61,18.61
appalachia_seUS,20170705,11,18.4,18.41
appalachia_seUS,20170710,330,18.71,18.71
appalachia_seUS,20170717,33,18.81,18.82
appalachia_seUS,20170719,108,18.61,18.62
appalachia_seUS,20170726,49,18.71,18.71
appalachia_seUS,20170919,144,18.81,18.82
appalachia_seUS,20170930,542,18.51,18.52
appalachia_seUS,20171002,703,18.31,18.33
appalachia_seUS,20171014,69,18.71,18.72
appalachia_seUS,20171016,43,18.52,18.53
appalachia_seUS,20171110,284,18.42,18.43
pnw_oregon,20150113,122,20.95,20.96
pnw_oregon,20150207,6,20.86,20.86
pnw_oregon,20150214,167,20.96,20.96
pnw_oregon,20150219,82,21.24,21.25
pnw_oregon,20150221,151,21.04,21.05
pnw_oregon,20150228,455,21.14,21.15
pnw_oregon,20150307,1,21.28,21.28
pnw_oregon,20150309,545,21.06,21.07
pnw_oregon,20150318,451,20.95,20.96
pnw_oregon,20150401,23,21.14,21.14
pnw_oregon,20150419,5,20.98,20.99
pnw_oregon,20150528,158,21.04,21.05
pnw_oregon,20150602,1,21.38,21.38
pnw_oregon,20150604,61,21.14,21.14
pnw_oregon,20150606,711,20.93,20.95
pnw_oregon,20150611,515,21.24,21.25
pnw_oregon,20150613,731,21.03,21.04
pnw_oregon,20150620,99,21.14,21.14
pnw_oregon,20150704,8,21.36,21.36
pnw_oregon,20150706,300,21.14,21.15
pnw_oregon,20150708,245,20.94,20.95
pnw_oregon,20150713,15,21.24,21.25
pnw_oregon,20150715,247,21.04,21.05
pnw_oregon,20150722,147,21.14,21.14
pnw_oregon,20150731,242,21.03,21.04
pnw_oregon,20150805,111,21.35,21.35
pnw_oregon,20150807,619,21.13,21.14
pnw_oregon,20150816,451,21.04,21.05
pnw_oregon,20150821,488,21.35,21.36
pnw_oregon,20150901,151,21.03,21.03
pnw_oregon,20150903,322,20.84,20.85
pnw_oregon,20150908,400,21.13,21.14
pnw_oregon,20150910,561,20.94,20.95
pnw_oregon,20150917,2,21.06,21.06
pnw_oregon,20151010,38,21.13,21.13
pnw_oregon,20151012,193,20.94,20.95
pnw_oregon,20151104,514,21.02,21.03
pnw_oregon,20151111,61,21.12,21.13
pnw_oregon,20151206,2,21.02,21.02
pnw_oregon,20151220,1,21.23,21.23
pnw_oregon,20160102,1,20.75,20.75
pnw_oregon,20160107,22,21.02,21.02
pnw_oregon,20160208,388,21.02,21.03
pnw_oregon,20160217,7,20.94,20.94
pnw_oregon,20160222,53,21.23,21.24
pnw_oregon,20160313,86,20.84,20.85
pnw_oregon,20160318,1,21.13,21.13
pnw_oregon,20160327,10,21.05,21.05
pnw_oregon,20160412,81,21.03,21.03
pnw_oregon,20160414,6,20.84,20.84
pnw_oregon,20160419,664,21.13,21.14
pnw_oregon,20160523,9,20.93,20.94
pnw_oregon,20160528,10,21.23,21.23
pnw_oregon,20160606,509,21.13,21.14
pnw_oregon,20160615,39,21.03,21.03
pnw_oregon,20160622,224,21.12,21.13
pnw_oregon,20160624,240,20.92,20.93
pnw_oregon,20160629,736,21.22,21.23
pnw_oregon,20160715,84,21.24,21.24
pnw_oregon,20160717,99,21.02,21.03
pnw_oregon,20160724,769,21.12,21.13
pnw_oregon,20160726,993,20.92,20.93
pnw_oregon,20160731,456,21.22,21.23
pnw_oregon,20160802,282,21.02,21.03
pnw_oregon,20160807,208,21.33,21.34
pnw_oregon,20160825,679,21.12,21.13
pnw_oregon,20160903,1,21.03,21.03
pnw_oregon,20160919,61,21.01,21.01
pnw_oregon,20160921,135,20.82,20.83
pnw_oregon,20160926,725,21.11,21.12
pnw_oregon,20160928,343,20.92,20.94
pnw_oregon,20161028,189,21.12,21.12
pnw_oregon,20161122,15,21.02,21.02
pnw_oregon,20161129,15,21.12,21.13
pnw_oregon,20161224,196,21.02,21.03
pnw_oregon,20170210,21,21.05,21.05
pnw_oregon,20170228,66,20.85,20.85
pnw_oregon,20170305,13,21.13,21.13
pnw_oregon,20170508,720,21.12,21.13
pnw_oregon,20170510,780,20.93,20.94
pnw_oregon,20170517,116,21.04,21.05
pnw_oregon,20170524,186,21.13,21.13
pnw_oregon,20170602,357,21.02,21.03
pnw_oregon,20170609,19,21.12,21.13
pnw_oregon,20170611,47,20.93,20.94
pnw_oregon,20170623,372,21.34,21.35
pnw_oregon,20170625,30,21.15,21.15
pnw_oregon,20170704,209,21.02,21.03
pnw_oregon,20170711,713,21.12,21.13
pnw_oregon,20170713,1041,20.92,20.93
pnw_oregon,20170718,806,21.22,21.23
pnw_oregon,20170720,372,21.02,21.03
pnw_oregon,20170727,355,21.14,21.15
pnw_oregon,20170920,1,21.23,21.23
pnw_oregon,20170922,337,21.04,21.04
pnw_oregon,20171008,266,21.02,21.03
pnw_oregon,20171015,57,21.12,21.13
pnw_oregon,20171109,57,21.02,21.03
pnw_oregon,20171116,31,21.12,21.13
