sim_id,run_time,lati,long,zagl,foot_nc,traj_rds
hrrr-analysis-20160901-p250-h24-m60658ab86fa5_20160901T210659Z_1b5cd0154a74,2016-09-01T21:06:59Z,34.05799,-118.03909,5,/mnt/d/lagrangian-jepa-cn/reuse_stilt/server_backup_20260830/stilt/out/by-id/hrrr-analysis-20160901-p250-h24-m60658ab86fa5_20160901T210659Z_1b5cd0154a74/hrrr-analysis-20160901-p250-h24-m60658ab86fa5_20160901T210659Z_1b5cd0154a74_foot.nc,/mnt/d/lagrangian-jepa-cn/reuse_stilt/server_backup_20260830/stilt/out/by-id/hrrr-analysis-20160901-p250-h24-m60658ab86fa5_20160901T210659Z_1b5cd0154a74/hrrr-analysis-20160901-p250-h24-m60658ab86fa5_20160901T210659Z_1b5cd0154a74_traj.rds
hrrr-analysis-20160901-p250-h24-m60658ab86fa5_20160901T210659Z_b4ba54ae7f0c,2016-09-01T21:06:59Z,34.03784,-118.15961,5,/mnt/d/lagrangian-jepa-cn/reuse_stilt/server_backup_20260830/stilt/out/by-id/hrrr-analysis-20160901-p250-h24-m60658ab86fa5_20160901T210659Z_b4ba54ae7f0c/hrrr-analysis-20160901-p250-h24-m60658ab86fa5_20160901T210659Z_b4ba54ae7f0c_foot.nc,/mnt/d/lagrangian-jepa-cn/reuse_stilt/server_backup_20260830/stilt/out/by-id/hrrr-analysis-20160901-p250-h24-m60658ab86fa5_20160901T210659Z_b4ba54ae7f0c/hrrr-analysis-20160901-p250-h24-m60658ab86fa5_20160901T210659Z_b4ba54ae7f0c_traj.rds
hrrr-analysis-20160901-p250-h24-m60658ab86fa5_20160901T210659Z_66341129c759,2016-09-01T21:06:59Z,34.05964,-117.94626,5,/mnt/d/lagrangian-jepa-cn/reuse_stilt/server_backup_20260830/stilt/out/by-id/hrrr-analysis-20160901-p250-h24-m60658ab86fa5_20160901T210659Z_66341129c759/hrrr-analysis-20160901-p250-h24-m60658ab86fa5_20160901T210659Z_66341129c759_foot.nc,/mnt/d/lagrangian-jepa-cn/reuse_stilt/server_backup_20260830/stilt/out/by-id/hrrr-analysis-20160901-p250-h24-m60658ab86fa5_20160901T210659Z_66341129c759/hrrr-analysis-20160901-p250-h24-m60658ab86fa5_20160901T210659Z_66341129c759_traj.rds
hrrr-analysis-20160901-p250-h24-m60658ab86fa5_20160901T210701Z_909deabb20e3,2016-09-01T21:07:01Z,33.96530,-118.05347,5,/mnt/d/lagrangian-jepa-cn/reuse_stilt/server_backup_20260830/stilt/out/by-id/hrrr-analysis-20160901-p250-h24-m60658ab86fa5_20160901T210701Z_909deabb20e3/hrrr-analysis-20160901-p250-h24-m60658ab86fa5_20160901T210701Z_909deabb20e3_foot.nc,/mnt/d/lagrangian-jepa-cn/reuse_stilt/server_backup_20260830/stilt/out/by-id/hrrr-analysis-20160901-p250-h24-m60658ab86fa5_20160901T210701Z_909deabb20e3/hrrr-analysis-20160901-p250-h24-m60658ab86fa5_20160901T210701Z_909deabb20e3_traj.rds
hrrr-analysis-20160901-p250-h24-m60658ab86fa5_20160901T210705Z_4534fc3a363d,2016-09-01T21:07:05Z,33.83287,-118.12029,5,/mnt/d/lagrangian-jepa-cn/reuse_stilt/server_backup_20260830/stilt/out/by-id/hrrr-analysis-20160901-p250-h24-m60658ab86fa5_20160901T210705Z_4534fc3a363d/hrrr-analysis-20160901-p250-h24-m60658ab86fa5_20160901T210705Z_4534fc3a363d_foot.nc,/mnt/d/lagrangian-jepa-cn/reuse_stilt/server_backup_20260830/stilt/out/by-id/hrrr-analysis-20160901-p250-h24-m60658ab86fa5_20160901T210705Z_4534fc3a363d/hrrr-analysis-20160901-p250-h24-m60658ab86fa5_20160901T210705Z_4534fc3a363d_traj.rds
hrrr-analysis-20160901-p250-h24-m60658ab86fa5_20160901T210707Z_ed20e7c86689,2016-09-01T21:07:07Z,33.87928,-117.92149,5,/mnt/d/lagrangian-jepa-cn/reuse_stilt/server_backup_20260830/stilt/out/by-id/hrrr-analysis-20160901-p250-h24-m60658ab86fa5_20160901T210707Z_ed20e7c86689/hrrr-analysis-20160901-p250-h24-m60658ab86fa5_20160901T210707Z_ed20e7c86689_foot.nc,/mnt/d/lagrangian-jepa-cn/reuse_stilt/server_backup_20260830/stilt/out/by-id/hrrr-analysis-20160901-p250-h24-m60658ab86fa5_20160901T210707Z_ed20e7c86689/hrrr-analysis-20160901-p250-h24-m60658ab86fa5_20160901T210707Z_ed20e7c86689_traj.rds
hrrr-analysis-20160901-p250-h24-m60658ab86fa5_20160901T210708Z_420bb6a98e4f,2016-09-01T21:07:08Z,33.87939,-118.04040,5,/mnt/d/lagrangian-jepa-cn/reuse_stilt/server_backup_20260830/stilt/out/by-id/hrrr-analysis-20160901-p250-h24-m60658ab86fa5_20160901T210708Z_420bb6a98e4f/hrrr-analysis-20160901-p250-h24-m60658ab86fa5_20160901T210708Z_420bb6a98e4f_foot.nc,/mnt/d/lagrangian-jepa-cn/reuse_stilt/server_backup_20260830/stilt/out/by-id/hrrr-analysis-20160901-p250-h24-m60658ab86fa5_20160901T210708Z_420bb6a98e4f/hrrr-analysis-20160901-p250-h24-m60658ab86fa5_20160901T210708Z_420bb6a98e4f_traj.rds
hrrr-analysis-20160901-p250-h24-m60658ab86fa5_20160901T210709Z_318b4c47207e,2016-09-01T21:07:09Z,33.91784,-118.13633,5,/mnt/d/lagrangian-jepa-cn/reuse_stilt/server_backup_20260830/stilt/out/by-id/hrrr-analysis-20160901-p250-h24-m60658ab86fa5_20160901T210709Z_318b4c47207e/hrrr-analysis-20160901-p250-h24-m60658ab86fa5_20160901T210709Z_318b4c47207e_foot.nc,/mnt/d/lagrangian-jepa-cn/reuse_stilt/server_backup_20260830/stilt/out/by-id/hrrr-analysis-20160901-p250-h24-m60658ab86fa5_20160901T210709Z_318b4c47207e/hrrr-analysis-20160901-p250-h24-m60658ab86fa5_20160901T210709Z_318b4c47207e_traj.rds
hrrr-analysis-20160901-p250-h24-m60658ab86fa5_20160901T210710Z_9adb068abb90,2016-09-01T21:07:10Z,33.99091,-117.97282,5,/mnt/d/lagrangian-jepa-cn/reuse_stilt/server_backup_20260830/stilt/out/by-id/hrrr-analysis-20160901-p250-h24-m60658ab86fa5_20160901T210710Z_9adb068abb90/hrrr-analysis-20160901-p250-h24-m60658ab86fa5_20160901T210710Z_9adb068abb90_foot.nc,/mnt/d/lagrangian-jepa-cn/reuse_stilt/server_backup_20260830/stilt/out/by-id/hrrr-analysis-20160901-p250-h24-m60658ab86fa5_20160901T210710Z_9adb068abb90/hrrr-analysis-20160901-p250-h24-m60658ab86fa5_20160901T210710Z_9adb068abb90_traj.rds
hrrr-analysis-20160901-p250-h24-m60658ab86fa5_20160901T210711Z_08dfafa58781,2016-09-01T21:07:11Z,34.01345,-118.09541,5,/mnt/d/lagrangian-jepa-cn/reuse_stilt/server_backup_20260830/stilt/out/by-id/hrrr-analysis-20160901-p250-h24-m60658ab86fa5_20160901T210711Z_08dfafa58781/hrrr-analysis-20160901-p250-h24-m60658ab86fa5_20160901T210711Z_08dfafa58781_foot.nc,/mnt/d/lagrangian-jepa-cn/reuse_stilt/server_backup_20260830/stilt/out/by-id/hrrr-analysis-20160901-p250-h24-m60658ab86fa5_20160901T210711Z_08dfafa58781/hrrr-analysis-20160901-p250-h24-m60658ab86fa5_20160901T210711Z_08dfafa58781_traj.rds
hrrr-analysis-20160901-p250-h24-m60658ab86fa5_20160901T210713Z_9db67295cc08,2016-09-01T21:07:13Z,34.11586,-118.11478,5,/mnt/d/lagrangian-jepa-cn/reuse_stilt/server_backup_20260830/stilt/out/by-id/hrrr-analysis-20160901-p250-h24-m60658ab86fa5_20160901T210713Z_9db67295cc08/hrrr-analysis-20160901-p250-h24-m60658ab86fa5_20160901T210713Z_9db67295cc08_foot.nc,/mnt/d/lagrangian-jepa-cn/reuse_stilt/server_backup_20260830/stilt/out/by-id/hrrr-analysis-20160901-p250-h24-m60658ab86fa5_20160901T210713Z_9db67295cc08/hrrr-analysis-20160901-p250-h24-m60658ab86fa5_20160901T210713Z_9db67295cc08_traj.rds
hrrr-analysis-20160901-p250-h24-m60658ab86fa5_20160901T210714Z_f6a4e4ab7277,2016-09-01T21:07:14Z,34.15897,-118.03379,5,/mnt/d/lagrangian-jepa-cn/reuse_stilt/server_backup_20260830/stilt/out/by-id/hrrr-analysis-20160901-p250-h24-m60658ab86fa5_20160901T210714Z_f6a4e4ab7277/hrrr-analysis-20160901-p250-h24-m60658ab86fa5_20160901T210714Z_f6a4e4ab7277_foot.nc,/mnt/d/lagrangian-jepa-cn/reuse_stilt/server_backup_20260830/stilt/out/by-id/hrrr-analysis-20160901-p250-h24-m60658ab86fa5_20160901T210714Z_f6a4e4ab7277/hrrr-analysis-20160901-p250-h24-m60658ab86fa5_20160901T210714Z_f6a4e4ab7277_traj.rds
hrrr-analysis-20160901-p250-h24-m60658ab86fa5_20160901T210714Z_6810e3553460,2016-09-01T21:07:14Z,34.16151,-118.18131,5,/mnt/d/lagrangian-jepa-cn/reuse_stilt/server_backup_20260830/stilt/out/by-id/hrrr-analysis-20160901-p250-h24-m60658ab86fa5_20160901T210714Z_6810e3553460/hrrr-analysis-20160901-p250-h24-m60658ab86fa5_20160901T210714Z_6810e3553460_foot.nc,/mnt/d/lagrangian-jepa-cn/reuse_stilt/server_backup_20260830/stilt/out/by-id/hrrr-analysis-20160901-p250-h24-m60658ab86fa5_20160901T210714Z_6810e3553460/hrrr-analysis-20160901-p250-h24-m60658ab86fa5_20160901T210714Z_6810e3553460_traj.rds
hrrr-analysis-20160901-p250-h24-m60658ab86fa5_20160901T210716Z_af5cba56a55f,2016-09-01T21:07:16Z,34.26086,-118.05090,5,/mnt/d/lagrangian-jepa-cn/reuse_stilt/server_backup_20260830/stilt/out/by-id/hrrr-analysis-20160901-p250-h24-m60658ab86fa5_20160901T210716Z_af5cba56a55f/hrrr-analysis-20160901-p250-h24-m60658ab86fa5_20160901T210716Z_af5cba56a55f_foot.nc,/mnt/d/lagrangian-jepa-cn/reuse_stilt/server_backup_20260830/stilt/out/by-id/hrrr-analysis-20160901-p250-h24-m60658ab86fa5_20160901T210716Z_af5cba56a55f/hrrr-analysis-20160901-p250-h24-m60658ab86fa5_20160901T210716Z_af5cba56a55f_traj.rds
hrrr-analysis-20160901-p250-h24-m60658ab86fa5_20160901T210717Z_b31824b337fc,2016-09-01T21:07:17Z,34.27306,-118.16998,5,/mnt/d/lagrangian-jepa-cn/reuse_stilt/server_backup_20260830/stilt/out/by-id/hrrr-analysis-20160901-p250-h24-m60658ab86fa5_20160901T210717Z_b31824b337fc/hrrr-analysis-20160901-p250-h24-m60658ab86fa5_20160901T210717Z_b31824b337fc_foot.nc,/mnt/d/lagrangian-jepa-cn/reuse_stilt/server_backup_20260830/stilt/out/by-id/hrrr-analysis-20160901-p250-h24-m60658ab86fa5_20160901T210717Z_b31824b337fc/hrrr-analysis-20160901-p250-h24-m60658ab86fa5_20160901T210717Z_b31824b337fc_traj.rds
hrrr-analysis-20160901-p250-h24-m60658ab86fa5_20160901T210720Z_7e1c9784baf6,2016-09-01T21:07:20Z,34.33068,-118.00336,5,/mnt/d/lagrangian-jepa-cn/reuse_stilt/server_backup_20260830/stilt/out/by-id/hrrr-analysis-20160901-p250-h24-m60658ab86fa5_20160901T210720Z_7e1c9784baf6/hrrr-analysis-20160901-p250-h24-m60658ab86fa5_20160901T210720Z_7e1c9784baf6_foot.nc,/mnt/d/lagrangian-jepa-cn/reuse_stilt/server_backup_20260830/stilt/out/by-id/hrrr-analysis-20160901-p250-h24-m60658ab86fa5_20160901T210720Z_7e1c9784baf6/hrrr-analysis-20160901-p250-h24-m60658ab86fa5_20160901T210720Z_7e1c9784baf6_traj.rds
hrrr-analysis-20160901-p250-h24-m60658ab86fa5_20160901T210726Z_28cedd6c59b4,2016-09-01T21:07:26Z,34.19527,-118.12302,5,/mnt/d/lagrangian-jepa-cn/reuse_stilt/server_backup_20260830/stilt/out/by-id/hrrr-analysis-20160901-p250-h24-m60658ab86fa5_20160901T210726Z_28cedd6c59b4/hrrr-analysis-20160901-p250-h24-m60658ab86fa5_20160901T210726Z_28cedd6c59b4_foot.nc,/mnt/d/lagrangian-jepa-cn/reuse_stilt/server_backup_20260830/stilt/out/by-id/hrrr-analysis-20160901-p250-h24-m60658ab86fa5_20160901T210726Z_28cedd6c59b4/hrrr-analysis-20160901-p250-h24-m60658ab86fa5_20160901T210726Z_28cedd6c59b4_traj.rds
hrrr-analysis-20160901-p250-h24-m60658ab86fa5_20160901T210727Z_a090f6fad8ae,2016-09-01T21:07:27Z,34.15536,-117.97635,5,/mnt/d/lagrangian-jepa-cn/reuse_stilt/server_backup_20260830/stilt/out/by-id/hrrr-analysis-20160901-p250-h24-m60658ab86fa5_20160901T210727Z_a090f6fad8ae/hrrr-analysis-20160901-p250-h24-m60658ab86fa5_20160901T210727Z_a090f6fad8ae_foot.nc,/mnt/d/lagrangian-jepa-cn/reuse_stilt/server_backup_20260830/stilt/out/by-id/hrrr-analysis-20160901-p250-h24-m60658ab86fa5_20160901T210727Z_a090f6fad8ae/hrrr-analysis-20160901-p250-h24-m60658ab86fa5_20160901T210727Z_a090f6fad8ae_traj.rds
hrrr-analysis-20160901-p250-h24-m60658ab86fa5_20160901T210728Z_8e0791fdaaec,2016-09-01T21:07:28Z,34.10468,-118.16150,5,/mnt/d/lagrangian-jepa-cn/reuse_stilt/server_backup_20260830/stilt/out/by-id/hrrr-analysis-20160901-p250-h24-m60658ab86fa5_20160901T210728Z_8e0791fdaaec/hrrr-analysis-20160901-p250-h24-m60658ab86fa5_20160901T210728Z_8e0791fdaaec_foot.nc,/mnt/d/lagrangian-jepa-cn/reuse_stilt/server_backup_20260830/stilt/out/by-id/hrrr-analysis-20160901-p250-h24-m60658ab86fa5_20160901T210728Z_8e0791fdaaec/hrrr-analysis-20160901-p250-h24-m60658ab86fa5_20160901T210728Z_8e0791fdaaec_traj.rds
hrrr-analysis-20160901-p250-h24-m60658ab86fa5_20160901T210729Z_ba6e7c4a0420,2016-09-01T21:07:29Z,34.06943,-118.10042,5,/mnt/d/lagrangian-jepa-cn/reuse_stilt/server_backup_20260830/stilt/out/by-id/hrrr-analysis-20160901-p250-h24-m60658ab86fa5_20160901T210729Z_ba6e7c4a0420/hrrr-analysis-20160901-p250-h24-m60658ab86fa5_20160901T210729Z_ba6e7c4a0420_foot.nc,/mnt/d/lagrangian-jepa-cn/reuse_stilt/server_backup_20260830/stilt/out/by-id/hrrr-analysis-20160901-p250-h24-m60658ab86fa5_20160901T210729Z_ba6e7c4a0420/hrrr-analysis-20160901-p250-h24-m60658ab86fa5_20160901T210729Z_ba6e7c4a0420_traj.rds
hrrr-analysis-20160901-p250-h24-m60658ab86fa5_20160901T210730Z_d8c08c6f409d,2016-09-01T21:07:30Z,34.04167,-117.95947,5,/mnt/d/lagrangian-jepa-cn/reuse_stilt/server_backup_20260830/stilt/out/by-id/hrrr-analysis-20160901-p250-h24-m60658ab86fa5_20160901T210730Z_d8c08c6f409d/hrrr-analysis-20160901-p250-h24-m60658ab86fa5_20160901T210730Z_d8c08c6f409d_foot.nc,/mnt/d/lagrangian-jepa-cn/reuse_stilt/server_backup_20260830/stilt/out/by-id/hrrr-analysis-20160901-p250-h24-m60658ab86fa5_20160901T210730Z_d8c08c6f409d/hrrr-analysis-20160901-p250-h24-m60658ab86fa5_20160901T210730Z_d8c08c6f409d_traj.rds
hrrr-analysis-20160901-p250-h24-m60658ab86fa5_20160901T210730Z_e0f945376d80,2016-09-01T21:07:30Z,34.02486,-118.03841,5,/mnt/d/lagrangian-jepa-cn/reuse_stilt/server_backup_20260830/stilt/out/by-id/hrrr-analysis-20160901-p250-h24-m60658ab86fa5_20160901T210730Z_e0f945376d80/hrrr-analysis-20160901-p250-h24-m60658ab86fa5_20160901T210730Z_e0f945376d80_foot.nc,/mnt/d/lagrangian-jepa-cn/reuse_stilt/server_backup_20260830/stilt/out/by-id/hrrr-analysis-20160901-p250-h24-m60658ab86fa5_20160901T210730Z_e0f945376d80/hrrr-analysis-20160901-p250-h24-m60658ab86fa5_20160901T210730Z_e0f945376d80_traj.rds
hrrr-analysis-20160901-p250-h24-m60658ab86fa5_20160901T210731Z_c7b957a062fd,2016-09-01T21:07:31Z,33.99602,-118.14172,5,/mnt/d/lagrangian-jepa-cn/reuse_stilt/server_backup_20260830/stilt/out/by-id/hrrr-analysis-20160901-p250-h24-m60658ab86fa5_20160901T210731Z_c7b957a062fd/hrrr-analysis-20160901-p250-h24-m60658ab86fa5_20160901T210731Z_c7b957a062fd_foot.nc,/mnt/d/lagrangian-jepa-cn/reuse_stilt/server_backup_20260830/stilt/out/by-id/hrrr-analysis-20160901-p250-h24-m60658ab86fa5_20160901T210731Z_c7b957a062fd/hrrr-analysis-20160901-p250-h24-m60658ab86fa5_20160901T210731Z_c7b957a062fd_traj.rds
hrrr-analysis-20160901-p250-h24-m60658ab86fa5_20160901T210734Z_6b493612bcfa,2016-09-01T21:07:34Z,33.94014,-117.94579,5,/mnt/d/lagrangian-jepa-cn/reuse_stilt/server_backup_20260830/stilt/out/by-id/hrrr-analysis-20160901-p250-h24-m60658ab86fa5_20160901T210734Z_6b493612bcfa/hrrr-analysis-20160901-p250-h24-m60658ab86fa5_20160901T210734Z_6b493612bcfa_foot.nc,/mnt/d/lagrangian-jepa-cn/reuse_stilt/server_backup_20260830/stilt/out/by-id/hrrr-analysis-20160901-p250-h24-m60658ab86fa5_20160901T210734Z_6b493612bcfa/hrrr-analysis-20160901-p250-h24-m60658ab86fa5_20160901T210734Z_6b493612bcfa_traj.rds
hrrr-analysis-20160901-p250-h24-m60658ab86fa5_20160901T210735Z_11ddaae50ffa,2016-09-01T21:07:35Z,33.91071,-118.12597,5,/mnt/d/lagrangian-jepa-cn/reuse_stilt/server_backup_20260830/stilt/out/by-id/hrrr-analysis-20160901-p250-h24-m60658ab86fa5_20160901T210735Z_11ddaae50ffa/hrrr-analysis-20160901-p250-h24-m60658ab86fa5_20160901T210735Z_11ddaae50ffa_foot.nc,/mnt/d/lagrangian-jepa-cn/reuse_stilt/server_backup_20260830/stilt/out/by-id/hrrr-analysis-20160901-p250-h24-m60658ab86fa5_20160901T210735Z_11ddaae50ffa/hrrr-analysis-20160901-p250-h24-m60658ab86fa5_20160901T210735Z_11ddaae50ffa_traj.rds
hrrr-analysis-20160901-p250-h24-m60658ab86fa5_20160901T210739Z_5da254f0c0b6,2016-09-01T21:07:39Z,33.96993,-118.05756,5,/mnt/d/lagrangian-jepa-cn/reuse_stilt/server_backup_20260830/stilt/out/by-id/hrrr-analysis-20160901-p250-h24-m60658ab86fa5_20160901T210739Z_5da254f0c0b6/hrrr-analysis-20160901-p250-h24-m60658ab86fa5_20160901T210739Z_5da254f0c0b6_foot.nc,/mnt/d/lagrangian-jepa-cn/reuse_stilt/server_backup_20260830/stilt/out/by-id/hrrr-analysis-20160901-p250-h24-m60658ab86fa5_20160901T210739Z_5da254f0c0b6/hrrr-analysis-20160901-p250-h24-m60658ab86fa5_20160901T210739Z_5da254f0c0b6_traj.rds
hrrr-analysis-20160901-p250-h24-m60658ab86fa5_20160901T210742Z_89b322f24d58,2016-09-01T21:07:42Z,34.04783,-118.14860,5,/mnt/d/lagrangian-jepa-cn/reuse_stilt/server_backup_20260830/stilt/out/by-id/hrrr-analysis-20160901-p250-h24-m60658ab86fa5_20160901T210742Z_89b322f24d58/hrrr-analysis-20160901-p250-h24-m60658ab86fa5_20160901T210742Z_89b322f24d58_foot.nc,/mnt/d/lagrangian-jepa-cn/reuse_stilt/server_backup_20260830/stilt/out/by-id/hrrr-analysis-20160901-p250-h24-m60658ab86fa5_20160901T210742Z_89b322f24d58/hrrr-analysis-20160901-p250-h24-m60658ab86fa5_20160901T210742Z_89b322f24d58_traj.rds
hrrr-analysis-20160901-p250-h24-m60658ab86fa5_20160901T210742Z_abef10c9b429,2016-09-01T21:07:42Z,34.07267,-118.02338,5,/mnt/d/lagrangian-jepa-cn/reuse_stilt/server_backup_20260830/stilt/out/by-id/hrrr-analysis-20160901-p250-h24-m60658ab86fa5_20160901T210742Z_abef10c9b429/hrrr-analysis-20160901-p250-h24-m60658ab86fa5_20160901T210742Z_abef10c9b429_foot.nc,/mnt/d/lagrangian-jepa-cn/reuse_stilt/server_backup_20260830/stilt/out/by-id/hrrr-analysis-20160901-p250-h24-m60658ab86fa5_20160901T210742Z_abef10c9b429/hrrr-analysis-20160901-p250-h24-m60658ab86fa5_20160901T210742Z_abef10c9b429_traj.rds
hrrr-analysis-20160901-p250-h24-m60658ab86fa5_20160901T210744Z_d6bb50394c0e,2016-09-01T21:07:44Z,34.14668,-118.16322,5,/mnt/d/lagrangian-jepa-cn/reuse_stilt/server_backup_20260830/stilt/out/by-id/hrrr-analysis-20160901-p250-h24-m60658ab86fa5_20160901T210744Z_d6bb50394c0e/hrrr-analysis-20160901-p250-h24-m60658ab86fa5_20160901T210744Z_d6bb50394c0e_foot.nc,/mnt/d/lagrangian-jepa-cn/reuse_stilt/server_backup_20260830/stilt/out/by-id/hrrr-analysis-20160901-p250-h24-m60658ab86fa5_20160901T210744Z_d6bb50394c0e/hrrr-analysis-20160901-p250-h24-m60658ab86fa5_20160901T210744Z_d6bb50394c0e_traj.rds
hrrr-analysis-20160901-p250-h24-m60658ab86fa5_20160901T210744Z_f2720d41f033,2016-09-01T21:07:44Z,34.16667,-118.06354,5,/mnt/d/lagrangian-jepa-cn/reuse_stilt/server_backup_20260830/stilt/out/by-id/hrrr-analysis-20160901-p250-h24-m60658ab86fa5_20160901T210744Z_f2720d41f033/hrrr-analysis-20160901-p250-h24-m60658ab86fa5_20160901T210744Z_f2720d41f033_foot.nc,/mnt/d/lagrangian-jepa-cn/reuse_stilt/server_backup_20260830/stilt/out/by-id/hrrr-analysis-20160901-p250-h24-m60658ab86fa5_20160901T210744Z_f2720d41f033/hrrr-analysis-20160901-p250-h24-m60658ab86fa5_20160901T210744Z_f2720d41f033_traj.rds
hrrr-analysis-20160901-p250-h24-m60658ab86fa5_20160901T210749Z_d9bfac509b7b,2016-09-01T21:07:49Z,34.25574,-118.18045,5,/mnt/d/lagrangian-jepa-cn/reuse_stilt/server_backup_20260830/stilt/out/by-id/hrrr-analysis-20160901-p250-h24-m60658ab86fa5_20160901T210749Z_d9bfac509b7b/hrrr-analysis-20160901-p250-h24-m60658ab86fa5_20160901T210749Z_d9bfac509b7b_foot.nc,/mnt/d/lagrangian-jepa-cn/reuse_stilt/server_backup_20260830/stilt/out/by-id/hrrr-analysis-20160901-p250-h24-m60658ab86fa5_20160901T210749Z_d9bfac509b7b/hrrr-analysis-20160901-p250-h24-m60658ab86fa5_20160901T210749Z_d9bfac509b7b_traj.rds
hrrr-analysis-20160901-p250-h24-m60658ab86fa5_20160901T210751Z_0492ce5c10aa,2016-09-01T21:07:51Z,34.26239,-118.05461,5,/mnt/d/lagrangian-jepa-cn/reuse_stilt/server_backup_20260830/stilt/out/by-id/hrrr-analysis-20160901-p250-h24-m60658ab86fa5_20160901T210751Z_0492ce5c10aa/hrrr-analysis-20160901-p250-h24-m60658ab86fa5_20160901T210751Z_0492ce5c10aa_foot.nc,/mnt/d/lagrangian-jepa-cn/reuse_stilt/server_backup_20260830/stilt/out/by-id/hrrr-analysis-20160901-p250-h24-m60658ab86fa5_20160901T210751Z_0492ce5c10aa/hrrr-analysis-20160901-p250-h24-m60658ab86fa5_20160901T210751Z_0492ce5c10aa_traj.rds
hrrr-analysis-20160901-p250-h24-m60658ab86fa5_20160901T210755Z_734dd2f1fc12,2016-09-01T21:07:55Z,34.19663,-118.14185,5,/mnt/d/lagrangian-jepa-cn/reuse_stilt/server_backup_20260830/stilt/out/by-id/hrrr-analysis-20160901-p250-h24-m60658ab86fa5_20160901T210755Z_734dd2f1fc12/hrrr-analysis-20160901-p250-h24-m60658ab86fa5_20160901T210755Z_734dd2f1fc12_foot.nc,/mnt/d/lagrangian-jepa-cn/reuse_stilt/server_backup_20260830/stilt/out/by-id/hrrr-analysis-20160901-p250-h24-m60658ab86fa5_20160901T210755Z_734dd2f1fc12/hrrr-analysis-20160901-p250-h24-m60658ab86fa5_20160901T210755Z_734dd2f1fc12_traj.rds
hrrr-analysis-20160901-p250-h24-m60658ab86fa5_20160901T210755Z_6045735531a0,2016-09-01T21:07:55Z,34.20536,-118.02032,5,/mnt/d/lagrangian-jepa-cn/reuse_stilt/server_backup_20260830/stilt/out/by-id/hrrr-analysis-20160901-p250-h24-m60658ab86fa5_20160901T210755Z_6045735531a0/hrrr-analysis-20160901-p250-h24-m60658ab86fa5_20160901T210755Z_6045735531a0_foot.nc,/mnt/d/lagrangian-jepa-cn/reuse_stilt/server_backup_20260830/stilt/out/by-id/hrrr-analysis-20160901-p250-h24-m60658ab86fa5_20160901T210755Z_6045735531a0/hrrr-analysis-20160901-p250-h24-m60658ab86fa5_20160901T210755Z_6045735531a0_traj.rds
hrrr-analysis-20160901-p250-h24-m60658ab86fa5_20160901T210757Z_304e34af560b,2016-09-01T21:07:57Z,34.14678,-117.98772,5,/mnt/d/lagrangian-jepa-cn/reuse_stilt/server_backup_20260830/stilt/out/by-id/hrrr-analysis-20160901-p250-h24-m60658ab86fa5_20160901T210757Z_304e34af560b/hrrr-analysis-20160901-p250-h24-m60658ab86fa5_20160901T210757Z_304e34af560b_foot.nc,/mnt/d/lagrangian-jepa-cn/reuse_stilt/server_backup_20260830/stilt/out/by-id/hrrr-analysis-20160901-p250-h24-m60658ab86fa5_20160901T210757Z_304e34af560b/hrrr-analysis-20160901-p250-h24-m60658ab86fa5_20160901T210757Z_304e34af560b_traj.rds
hrrr-analysis-20160901-p250-h24-m60658ab86fa5_20160901T210758Z_dad1b0e1c721,2016-09-01T21:07:58Z,34.09504,-118.14841,5,/mnt/d/lagrangian-jepa-cn/reuse_stilt/server_backup_20260830/stilt/out/by-id/hrrr-analysis-20160901-p250-h24-m60658ab86fa5_20160901T210758Z_dad1b0e1c721/hrrr-analysis-20160901-p250-h24-m60658ab86fa5_20160901T210758Z_dad1b0e1c721_foot.nc,/mnt/d/lagrangian-jepa-cn/reuse_stilt/server_backup_20260830/stilt/out/by-id/hrrr-analysis-20160901-p250-h24-m60658ab86fa5_20160901T210758Z_dad1b0e1c721/hrrr-analysis-20160901-p250-h24-m60658ab86fa5_20160901T210758Z_dad1b0e1c721_traj.rds
hrrr-analysis-20160901-p250-h24-m60658ab86fa5_20160901T210759Z_e9fde848a4e4,2016-09-01T21:07:59Z,34.09111,-118.05186,5,/mnt/d/lagrangian-jepa-cn/reuse_stilt/server_backup_20260830/stilt/out/by-id/hrrr-analysis-20160901-p250-h24-m60658ab86fa5_20160901T210759Z_e9fde848a4e4/hrrr-analysis-20160901-p250-h24-m60658ab86fa5_20160901T210759Z_e9fde848a4e4_foot.nc,/mnt/d/lagrangian-jepa-cn/reuse_stilt/server_backup_20260830/stilt/out/by-id/hrrr-analysis-20160901-p250-h24-m60658ab86fa5_20160901T210759Z_e9fde848a4e4/hrrr-analysis-20160901-p250-h24-m60658ab86fa5_20160901T210759Z_e9fde848a4e4_traj.rds
hrrr-analysis-20160901-p250-h24-m60658ab86fa5_20160901T210801Z_4ac4a1ab0882,2016-09-01T21:08:01Z,34.03463,-117.97316,5,/mnt/d/lagrangian-jepa-cn/reuse_stilt/server_backup_20260830/stilt/out/by-id/hrrr-analysis-20160901-p250-h24-m60658ab86fa5_20160901T210801Z_4ac4a1ab0882/hrrr-analysis-20160901-p250-h24-m60658ab86fa5_20160901T210801Z_4ac4a1ab0882_foot.nc,/mnt/d/lagrangian-jepa-cn/reuse_stilt/server_backup_20260830/stilt/out/by-id/hrrr-analysis-20160901-p250-h24-m60658ab86fa5_20160901T210801Z_4ac4a1ab0882/hrrr-analysis-20160901-p250-h24-m60658ab86fa5_20160901T210801Z_4ac4a1ab0882_traj.rds
hrrr-analysis-20160901-p250-h24-m60658ab86fa5_20160901T210807Z_0d72b953548b,2016-09-01T21:08:07Z,33.98408,-118.05899,5,/mnt/d/lagrangian-jepa-cn/reuse_stilt/server_backup_20260830/stilt/out/by-id/hrrr-analysis-20160901-p250-h24-m60658ab86fa5_20160901T210807Z_0d72b953548b/hrrr-analysis-20160901-p250-h24-m60658ab86fa5_20160901T210807Z_0d72b953548b_foot.nc,/mnt/d/lagrangian-jepa-cn/reuse_stilt/server_backup_20260830/stilt/out/by-id/hrrr-analysis-20160901-p250-h24-m60658ab86fa5_20160901T210807Z_0d72b953548b/hrrr-analysis-20160901-p250-h24-m60658ab86fa5_20160901T210807Z_0d72b953548b_traj.rds
hrrr-analysis-20160901-p250-h24-m60658ab86fa5_20160901T210811Z_5bc5e97fc691,2016-09-01T21:08:11Z,34.04359,-118.13686,5,/mnt/d/lagrangian-jepa-cn/reuse_stilt/server_backup_20260830/stilt/out/by-id/hrrr-analysis-20160901-p250-h24-m60658ab86fa5_20160901T210811Z_5bc5e97fc691/hrrr-analysis-20160901-p250-h24-m60658ab86fa5_20160901T210811Z_5bc5e97fc691_foot.nc,/mnt/d/lagrangian-jepa-cn/reuse_stilt/server_backup_20260830/stilt/out/by-id/hrrr-analysis-20160901-p250-h24-m60658ab86fa5_20160901T210811Z_5bc5e97fc691/hrrr-analysis-20160901-p250-h24-m60658ab86fa5_20160901T210811Z_5bc5e97fc691_traj.rds
hrrr-analysis-20160901-p250-h24-m60658ab86fa5_20160901T210814Z_2a62118b5b6d,2016-09-01T21:08:14Z,34.14437,-118.08498,5,/mnt/d/lagrangian-jepa-cn/reuse_stilt/server_backup_20260830/stilt/out/by-id/hrrr-analysis-20160901-p250-h24-m60658ab86fa5_20160901T210814Z_2a62118b5b6d/hrrr-analysis-20160901-p250-h24-m60658ab86fa5_20160901T210814Z_2a62118b5b6d_foot.nc,/mnt/d/lagrangian-jepa-cn/reuse_stilt/server_backup_20260830/stilt/out/by-id/hrrr-analysis-20160901-p250-h24-m60658ab86fa5_20160901T210814Z_2a62118b5b6d/hrrr-analysis-20160901-p250-h24-m60658ab86fa5_20160901T210814Z_2a62118b5b6d_traj.rds
hrrr-analysis-20160901-p250-h24-m60658ab86fa5_20160901T210821Z_0f3b3bfac57f,2016-09-01T21:08:21Z,34.21664,-118.16035,5,/mnt/d/lagrangian-jepa-cn/reuse_stilt/server_backup_20260830/stilt/out/by-id/hrrr-analysis-20160901-p250-h24-m60658ab86fa5_20160901T210821Z_0f3b3bfac57f/hrrr-analysis-20160901-p250-h24-m60658ab86fa5_20160901T210821Z_0f3b3bfac57f_foot.nc,/mnt/d/lagrangian-jepa-cn/reuse_stilt/server_backup_20260830/stilt/out/by-id/hrrr-analysis-20160901-p250-h24-m60658ab86fa5_20160901T210821Z_0f3b3bfac57f/hrrr-analysis-20160901-p250-h24-m60658ab86fa5_20160901T210821Z_0f3b3bfac57f_traj.rds
hrrr-analysis-20160901-p250-h24-m60658ab86fa5_20160901T210826Z_dd8c50dcaffb,2016-09-01T21:08:26Z,34.17173,-118.02403,5,/mnt/d/lagrangian-jepa-cn/reuse_stilt/server_backup_20260830/stilt/out/by-id/hrrr-analysis-20160901-p250-h24-m60658ab86fa5_20160901T210826Z_dd8c50dcaffb/hrrr-analysis-20160901-p250-h24-m60658ab86fa5_20160901T210826Z_dd8c50dcaffb_foot.nc,/mnt/d/lagrangian-jepa-cn/reuse_stilt/server_backup_20260830/stilt/out/by-id/hrrr-analysis-20160901-p250-h24-m60658ab86fa5_20160901T210826Z_dd8c50dcaffb/hrrr-analysis-20160901-p250-h24-m60658ab86fa5_20160901T210826Z_dd8c50dcaffb_traj.rds
hrrr-analysis-20160901-p250-h24-m60658ab86fa5_20160901T210826Z_c53f46146ba0,2016-09-01T21:08:26Z,34.15050,-118.14749,5,/mnt/d/lagrangian-jepa-cn/reuse_stilt/server_backup_20260830/stilt/out/by-id/hrrr-analysis-20160901-p250-h24-m60658ab86fa5_20160901T210826Z_c53f46146ba0/hrrr-analysis-20160901-p250-h24-m60658ab86fa5_20160901T210826Z_c53f46146ba0_foot.nc,/mnt/d/lagrangian-jepa-cn/reuse_stilt/server_backup_20260830/stilt/out/by-id/hrrr-analysis-20160901-p250-h24-m60658ab86fa5_20160901T210826Z_c53f46146ba0/hrrr-analysis-20160901-p250-h24-m60658ab86fa5_20160901T210826Z_c53f46146ba0_traj.rds
hrrr-analysis-20160901-p250-h24-m60658ab86fa5_20160901T210829Z_2412d493983f,2016-09-01T21:08:29Z,34.10666,-118.01514,5,/mnt/d/lagrangian-jepa-cn/reuse_stilt/server_backup_20260830/stilt/out/by-id/hrrr-analysis-20160901-p250-h24-m60658ab86fa5_20160901T210829Z_2412d493983f/hrrr-analysis-20160901-p250-h24-m60658ab86fa5_20160901T210829Z_2412d493983f_foot.nc,/mnt/d/lagrangian-jepa-cn/reuse_stilt/server_backup_20260830/stilt/out/by-id/hrrr-analysis-20160901-p250-h24-m60658ab86fa5_20160901T210829Z_2412d493983f/hrrr-analysis-20160901-p250-h24-m60658ab86fa5_20160901T210829Z_2412d493983f_traj.rds
hrrr-analysis-20160901-p250-h24-m60658ab86fa5_20160901T210830Z_bc1d42cc16af,2016-09-01T21:08:30Z,34.07893,-118.09388,5,/mnt/d/lagrangian-jepa-cn/reuse_stilt/server_backup_20260830/stilt/out/by-id/hrrr-analysis-20160901-p250-h24-m60658ab86fa5_20160901T210830Z_bc1d42cc16af/hrrr-analysis-20160901-p250-h24-m60658ab86fa5_20160901T210830Z_bc1d42cc16af_foot.nc,/mnt/d/lagrangian-jepa-cn/reuse_stilt/server_backup_20260830/stilt/out/by-id/hrrr-analysis-20160901-p250-h24-m60658ab86fa5_20160901T210830Z_bc1d42cc16af/hrrr-analysis-20160901-p250-h24-m60658ab86fa5_20160901T210830Z_bc1d42cc16af_traj.rds
hrrr-analysis-20160901-p250-h24-m60658ab86fa5_20160901T210834Z_f45528c74370,2016-09-01T21:08:34Z,34.03207,-118.00681,5,/mnt/d/lagrangian-jepa-cn/reuse_stilt/server_backup_20260830/stilt/out/by-id/hrrr-analysis-20160901-p250-h24-m60658ab86fa5_20160901T210834Z_f45528c74370/hrrr-analysis-20160901-p250-h24-m60658ab86fa5_20160901T210834Z_f45528c74370_foot.nc,/mnt/d/lagrangian-jepa-cn/reuse_stilt/server_backup_20260830/stilt/out/by-id/hrrr-analysis-20160901-p250-h24-m60658ab86fa5_20160901T210834Z_f45528c74370/hrrr-analysis-20160901-p250-h24-m60658ab86fa5_20160901T210834Z_f45528c74370_traj.rds
hrrr-analysis-20160901-p250-h24-m60658ab86fa5_20160901T210838Z_63f79c686955,2016-09-01T21:08:38Z,34.02382,-118.12574,5,/mnt/d/lagrangian-jepa-cn/reuse_stilt/server_backup_20260830/stilt/out/by-id/hrrr-analysis-20160901-p250-h24-m60658ab86fa5_20160901T210838Z_63f79c686955/hrrr-analysis-20160901-p250-h24-m60658ab86fa5_20160901T210838Z_63f79c686955_foot.nc,/mnt/d/lagrangian-jepa-cn/reuse_stilt/server_backup_20260830/stilt/out/by-id/hrrr-analysis-20160901-p250-h24-m60658ab86fa5_20160901T210838Z_63f79c686955/hrrr-analysis-20160901-p250-h24-m60658ab86fa5_20160901T210838Z_63f79c686955_traj.rds
hrrr-analysis-20160901-p250-h24-m60658ab86fa5_20160901T210843Z_68c6d6292922,2016-09-01T21:08:43Z,34.11560,-118.13763,5,/mnt/d/lagrangian-jepa-cn/reuse_stilt/server_backup_20260830/stilt/out/by-id/hrrr-analysis-20160901-p250-h24-m60658ab86fa5_20160901T210843Z_68c6d6292922/hrrr-analysis-20160901-p250-h24-m60658ab86fa5_20160901T210843Z_68c6d6292922_foot.nc,/mnt/d/lagrangian-jepa-cn/reuse_stilt/server_backup_20260830/stilt/out/by-id/hrrr-analysis-20160901-p250-h24-m60658ab86fa5_20160901T210843Z_68c6d6292922/hrrr-analysis-20160901-p250-h24-m60658ab86fa5_20160901T210843Z_68c6d6292922_traj.rds
hrrr-analysis-20160901-p250-h24-m60658ab86fa5_20160901T210846Z_f455eaff97c2,2016-09-01T21:08:46Z,34.17400,-118.03034,5,/mnt/d/lagrangian-jepa-cn/reuse_stilt/server_backup_20260830/stilt/out/by-id/hrrr-analysis-20160901-p250-h24-m60658ab86fa5_20160901T210846Z_f455eaff97c2/hrrr-analysis-20160901-p250-h24-m60658ab86fa5_20160901T210846Z_f455eaff97c2_foot.nc,/mnt/d/lagrangian-jepa-cn/reuse_stilt/server_backup_20260830/stilt/out/by-id/hrrr-analysis-20160901-p250-h24-m60658ab86fa5_20160901T210846Z_f455eaff97c2/hrrr-analysis-20160901-p250-h24-m60658ab86fa5_20160901T210846Z_f455eaff97c2_traj.rds
hrrr-analysis-20160901-p250-h24-m60658ab86fa5_20160901T210850Z_0eed68752775,2016-09-01T21:08:50Z,34.19331,-118.12701,5,/mnt/d/lagrangian-jepa-cn/reuse_stilt/server_backup_20260830/stilt/out/by-id/hrrr-analysis-20160901-p250-h24-m60658ab86fa5_20160901T210850Z_0eed68752775/hrrr-analysis-20160901-p250-h24-m60658ab86fa5_20160901T210850Z_0eed68752775_foot.nc,/mnt/d/lagrangian-jepa-cn/reuse_stilt/server_backup_20260830/stilt/out/by-id/hrrr-analysis-20160901-p250-h24-m60658ab86fa5_20160901T210850Z_0eed68752775/hrrr-analysis-20160901-p250-h24-m60658ab86fa5_20160901T210850Z_0eed68752775_traj.rds
hrrr-analysis-20160901-p250-h24-m60658ab86fa5_20160901T210856Z_0ca7a4f5ab8a,2016-09-01T21:08:56Z,34.14286,-118.08234,5,/mnt/d/lagrangian-jepa-cn/reuse_stilt/server_backup_20260830/stilt/out/by-id/hrrr-analysis-20160901-p250-h24-m60658ab86fa5_20160901T210856Z_0ca7a4f5ab8a/hrrr-analysis-20160901-p250-h24-m60658ab86fa5_20160901T210856Z_0ca7a4f5ab8a_foot.nc,/mnt/d/lagrangian-jepa-cn/reuse_stilt/server_backup_20260830/stilt/out/by-id/hrrr-analysis-20160901-p250-h24-m60658ab86fa5_20160901T210856Z_0ca7a4f5ab8a/hrrr-analysis-20160901-p250-h24-m60658ab86fa5_20160901T210856Z_0ca7a4f5ab8a_traj.rds
hrrr-analysis-20160901-p250-h24-m60658ab86fa5_20160901T210901Z_6dbea598e4ff,2016-09-01T21:09:01Z,34.08274,-118.00311,5,/mnt/d/lagrangian-jepa-cn/reuse_stilt/server_backup_20260830/stilt/out/by-id/hrrr-analysis-20160901-p250-h24-m60658ab86fa5_20160901T210901Z_6dbea598e4ff/hrrr-analysis-20160901-p250-h24-m60658ab86fa5_20160901T210901Z_6dbea598e4ff_foot.nc,/mnt/d/lagrangian-jepa-cn/reuse_stilt/server_backup_20260830/stilt/out/by-id/hrrr-analysis-20160901-p250-h24-m60658ab86fa5_20160901T210901Z_6dbea598e4ff/hrrr-analysis-20160901-p250-h24-m60658ab86fa5_20160901T210901Z_6dbea598e4ff_traj.rds
hrrr-analysis-20160901-p250-h24-m60658ab86fa5_20160901T210906Z_6866f2f95cba,2016-09-01T21:09:06Z,34.04019,-118.11871,5,/mnt/d/lagrangian-jepa-cn/reuse_stilt/server_backup_20260830/stilt/out/by-id/hrrr-analysis-20160901-p250-h24-m60658ab86fa5_20160901T210906Z_6866f2f95cba/hrrr-analysis-20160901-p250-h24-m60658ab86fa5_20160901T210906Z_6866f2f95cba_foot.nc,/mnt/d/lagrangian-jepa-cn/reuse_stilt/server_backup_20260830/stilt/out/by-id/hrrr-analysis-20160901-p250-h24-m60658ab86fa5_20160901T210906Z_6866f2f95cba/hrrr-analysis-20160901-p250-h24-m60658ab86fa5_20160901T210906Z_6866f2f95cba_traj.rds
hrrr-analysis-20160901-p250-h24-m60658ab86fa5_20160901T210913Z_5975fa65e04e,2016-09-01T21:09:13Z,34.11465,-118.07769,5,/mnt/d/lagrangian-jepa-cn/reuse_stilt/server_backup_20260830/stilt/out/by-id/hrrr-analysis-20160901-p250-h24-m60658ab86fa5_20160901T210913Z_5975fa65e04e/hrrr-analysis-20160901-p250-h24-m60658ab86fa5_20160901T210913Z_5975fa65e04e_foot.nc,/mnt/d/lagrangian-jepa-cn/reuse_stilt/server_backup_20260830/stilt/out/by-id/hrrr-analysis-20160901-p250-h24-m60658ab86fa5_20160901T210913Z_5975fa65e04e/hrrr-analysis-20160901-p250-h24-m60658ab86fa5_20160901T210913Z_5975fa65e04e_traj.rds
hrrr-analysis-20160901-p250-h24-m60658ab86fa5_20160901T210917Z_30d4d3e6445c,2016-09-01T21:09:17Z,34.17485,-118.01967,5,/mnt/d/lagrangian-jepa-cn/reuse_stilt/server_backup_20260830/stilt/out/by-id/hrrr-analysis-20160901-p250-h24-m60658ab86fa5_20160901T210917Z_30d4d3e6445c/hrrr-analysis-20160901-p250-h24-m60658ab86fa5_20160901T210917Z_30d4d3e6445c_foot.nc,/mnt/d/lagrangian-jepa-cn/reuse_stilt/server_backup_20260830/stilt/out/by-id/hrrr-analysis-20160901-p250-h24-m60658ab86fa5_20160901T210917Z_30d4d3e6445c/hrrr-analysis-20160901-p250-h24-m60658ab86fa5_20160901T210917Z_30d4d3e6445c_traj.rds
hrrr-analysis-20160901-p250-h24-m60658ab86fa5_20160901T210922Z_5ca1c76f6b09,2016-09-01T21:09:22Z,34.17031,-118.13327,5,/mnt/d/lagrangian-jepa-cn/reuse_stilt/server_backup_20260830/stilt/out/by-id/hrrr-analysis-20160901-p250-h24-m60658ab86fa5_20160901T210922Z_5ca1c76f6b09/hrrr-analysis-20160901-p250-h24-m60658ab86fa5_20160901T210922Z_5ca1c76f6b09_foot.nc,/mnt/d/lagrangian-jepa-cn/reuse_stilt/server_backup_20260830/stilt/out/by-id/hrrr-analysis-20160901-p250-h24-m60658ab86fa5_20160901T210922Z_5ca1c76f6b09/hrrr-analysis-20160901-p250-h24-m60658ab86fa5_20160901T210922Z_5ca1c76f6b09_traj.rds
hrrr-analysis-20160901-p250-h24-m60658ab86fa5_20160901T210931Z_afaf928503b0,2016-09-01T21:09:31Z,34.09346,-118.01259,5,/mnt/d/lagrangian-jepa-cn/reuse_stilt/server_backup_20260830/stilt/out/by-id/hrrr-analysis-20160901-p250-h24-m60658ab86fa5_20160901T210931Z_afaf928503b0/hrrr-analysis-20160901-p250-h24-m60658ab86fa5_20160901T210931Z_afaf928503b0_foot.nc,/mnt/d/lagrangian-jepa-cn/reuse_stilt/server_backup_20260830/stilt/out/by-id/hrrr-analysis-20160901-p250-h24-m60658ab86fa5_20160901T210931Z_afaf928503b0/hrrr-analysis-20160901-p250-h24-m60658ab86fa5_20160901T210931Z_afaf928503b0_traj.rds
hrrr-analysis-20160901-p250-h24-m60658ab86fa5_20160901T210934Z_e46fe14f41d3,2016-09-01T21:09:34Z,34.06210,-118.11604,5,/mnt/d/lagrangian-jepa-cn/reuse_stilt/server_backup_20260830/stilt/out/by-id/hrrr-analysis-20160901-p250-h24-m60658ab86fa5_20160901T210934Z_e46fe14f41d3/hrrr-analysis-20160901-p250-h24-m60658ab86fa5_20160901T210934Z_e46fe14f41d3_foot.nc,/mnt/d/lagrangian-jepa-cn/reuse_stilt/server_backup_20260830/stilt/out/by-id/hrrr-analysis-20160901-p250-h24-m60658ab86fa5_20160901T210934Z_e46fe14f41d3/hrrr-analysis-20160901-p250-h24-m60658ab86fa5_20160901T210934Z_e46fe14f41d3_traj.rds
hrrr-analysis-20160901-p250-h24-m60658ab86fa5_20160901T210943Z_dda5f301fe57,2016-09-01T21:09:43Z,34.11327,-118.07784,5,/mnt/d/lagrangian-jepa-cn/reuse_stilt/server_backup_20260830/stilt/out/by-id/hrrr-analysis-20160901-p250-h24-m60658ab86fa5_20160901T210943Z_dda5f301fe57/hrrr-analysis-20160901-p250-h24-m60658ab86fa5_20160901T210943Z_dda5f301fe57_foot.nc,/mnt/d/lagrangian-jepa-cn/reuse_stilt/server_backup_20260830/stilt/out/by-id/hrrr-analysis-20160901-p250-h24-m60658ab86fa5_20160901T210943Z_dda5f301fe57/hrrr-analysis-20160901-p250-h24-m60658ab86fa5_20160901T210943Z_dda5f301fe57_traj.rds
hrrr-analysis-20160901-p250-h24-m60658ab86fa5_20160901T210949Z_2ef946701181,2016-09-01T21:09:49Z,34.17464,-118.02767,5,/mnt/d/lagrangian-jepa-cn/reuse_stilt/server_backup_20260830/stilt/out/by-id/hrrr-analysis-20160901-p250-h24-m60658ab86fa5_20160901T210949Z_2ef946701181/hrrr-analysis-20160901-p250-h24-m60658ab86fa5_20160901T210949Z_2ef946701181_foot.nc,/mnt/d/lagrangian-jepa-cn/reuse_stilt/server_backup_20260830/stilt/out/by-id/hrrr-analysis-20160901-p250-h24-m60658ab86fa5_20160901T210949Z_2ef946701181/hrrr-analysis-20160901-p250-h24-m60658ab86fa5_20160901T210949Z_2ef946701181_traj.rds
hrrr-analysis-20160901-p250-h24-m60658ab86fa5_20160901T210950Z_c4755a902632,2016-09-01T21:09:50Z,34.16137,-118.12845,5,/mnt/d/lagrangian-jepa-cn/reuse_stilt/server_backup_20260830/stilt/out/by-id/hrrr-analysis-20160901-p250-h24-m60658ab86fa5_20160901T210950Z_c4755a902632/hrrr-analysis-20160901-p250-h24-m60658ab86fa5_20160901T210950Z_c4755a902632_foot.nc,/mnt/d/lagrangian-jepa-cn/reuse_stilt/server_backup_20260830/stilt/out/by-id/hrrr-analysis-20160901-p250-h24-m60658ab86fa5_20160901T210950Z_c4755a902632/hrrr-analysis-20160901-p250-h24-m60658ab86fa5_20160901T210950Z_c4755a902632_traj.rds
hrrr-analysis-20160901-p250-h24-m60658ab86fa5_20160901T211001Z_99d6825a9a91,2016-09-01T21:10:01Z,34.08978,-118.11534,5,/mnt/d/lagrangian-jepa-cn/reuse_stilt/server_backup_20260830/stilt/out/by-id/hrrr-analysis-20160901-p250-h24-m60658ab86fa5_20160901T211001Z_99d6825a9a91/hrrr-analysis-20160901-p250-h24-m60658ab86fa5_20160901T211001Z_99d6825a9a91_foot.nc,/mnt/d/lagrangian-jepa-cn/reuse_stilt/server_backup_20260830/stilt/out/by-id/hrrr-analysis-20160901-p250-h24-m60658ab86fa5_20160901T211001Z_99d6825a9a91/hrrr-analysis-20160901-p250-h24-m60658ab86fa5_20160901T211001Z_99d6825a9a91_traj.rds
hrrr-analysis-20160901-p250-h24-m60658ab86fa5_20160901T211009Z_7caf842fddd2,2016-09-01T21:10:09Z,34.09395,-118.01697,5,/mnt/d/lagrangian-jepa-cn/reuse_stilt/server_backup_20260830/stilt/out/by-id/hrrr-analysis-20160901-p250-h24-m60658ab86fa5_20160901T211009Z_7caf842fddd2/hrrr-analysis-20160901-p250-h24-m60658ab86fa5_20160901T211009Z_7caf842fddd2_foot.nc,/mnt/d/lagrangian-jepa-cn/reuse_stilt/server_backup_20260830/stilt/out/by-id/hrrr-analysis-20160901-p250-h24-m60658ab86fa5_20160901T211009Z_7caf842fddd2/hrrr-analysis-20160901-p250-h24-m60658ab86fa5_20160901T211009Z_7caf842fddd2_traj.rds
hrrr-analysis-20160901-p250-h24-m60658ab86fa5_20160901T211016Z_779f3c0485b0,2016-09-01T21:10:16Z,34.13805,-118.12437,5,/mnt/d/lagrangian-jepa-cn/reuse_stilt/server_backup_20260830/stilt/out/by-id/hrrr-analysis-20160901-p250-h24-m60658ab86fa5_20160901T211016Z_779f3c0485b0/hrrr-analysis-20160901-p250-h24-m60658ab86fa5_20160901T211016Z_779f3c0485b0_foot.nc,/mnt/d/lagrangian-jepa-cn/reuse_stilt/server_backup_20260830/stilt/out/by-id/hrrr-analysis-20160901-p250-h24-m60658ab86fa5_20160901T211016Z_779f3c0485b0/hrrr-analysis-20160901-p250-h24-m60658ab86fa5_20160901T211016Z_779f3c0485b0_traj.rds
hrrr-analysis-20160901-p250-h24-m60658ab86fa5_20160901T211019Z_451d0a4fda24,2016-09-01T21:10:19Z,34.16615,-118.05868,5,/mnt/d/lagrangian-jepa-cn/reuse_stilt/server_backup_20260830/stilt/out/by-id/hrrr-analysis-20160901-p250-h24-m60658ab86fa5_20160901T211019Z_451d0a4fda24/hrrr-analysis-20160901-p250-h24-m60658ab86fa5_20160901T211019Z_451d0a4fda24_foot.nc,/mnt/d/lagrangian-jepa-cn/reuse_stilt/server_backup_20260830/stilt/out/by-id/hrrr-analysis-20160901-p250-h24-m60658ab86fa5_20160901T211019Z_451d0a4fda24/hrrr-analysis-20160901-p250-h24-m60658ab86fa5_20160901T211019Z_451d0a4fda24_traj.rds
hrrr-analysis-20160901-p250-h24-m60658ab86fa5_20160901T211030Z_d67d4a426260,2016-09-01T21:10:30Z,34.09645,-118.11397,5,/mnt/d/lagrangian-jepa-cn/reuse_stilt/server_backup_20260830/stilt/out/by-id/hrrr-analysis-20160901-p250-h24-m60658ab86fa5_20160901T211030Z_d67d4a426260/hrrr-analysis-20160901-p250-h24-m60658ab86fa5_20160901T211030Z_d67d4a426260_foot.nc,/mnt/d/lagrangian-jepa-cn/reuse_stilt/server_backup_20260830/stilt/out/by-id/hrrr-analysis-20160901-p250-h24-m60658ab86fa5_20160901T211030Z_d67d4a426260/hrrr-analysis-20160901-p250-h24-m60658ab86fa5_20160901T211030Z_d67d4a426260_traj.rds
hrrr-analysis-20160901-p250-h24-m60658ab86fa5_20160901T211038Z_0acff0d15c11,2016-09-01T21:10:38Z,34.08835,-118.01231,5,/mnt/d/lagrangian-jepa-cn/reuse_stilt/server_backup_20260830/stilt/out/by-id/hrrr-analysis-20160901-p250-h24-m60658ab86fa5_20160901T211038Z_0acff0d15c11/hrrr-analysis-20160901-p250-h24-m60658ab86fa5_20160901T211038Z_0acff0d15c11_foot.nc,/mnt/d/lagrangian-jepa-cn/reuse_stilt/server_backup_20260830/stilt/out/by-id/hrrr-analysis-20160901-p250-h24-m60658ab86fa5_20160901T211038Z_0acff0d15c11/hrrr-analysis-20160901-p250-h24-m60658ab86fa5_20160901T211038Z_0acff0d15c11_traj.rds
hrrr-analysis-20160901-p250-h24-m60658ab86fa5_20160901T211048Z_23ec3e99866d,2016-09-01T21:10:48Z,34.17046,-118.03165,5,/mnt/d/lagrangian-jepa-cn/reuse_stilt/server_backup_20260830/stilt/out/by-id/hrrr-analysis-20160901-p250-h24-m60658ab86fa5_20160901T211048Z_23ec3e99866d/hrrr-analysis-20160901-p250-h24-m60658ab86fa5_20160901T211048Z_23ec3e99866d_foot.nc,/mnt/d/lagrangian-jepa-cn/reuse_stilt/server_backup_20260830/stilt/out/by-id/hrrr-analysis-20160901-p250-h24-m60658ab86fa5_20160901T211048Z_23ec3e99866d/hrrr-analysis-20160901-p250-h24-m60658ab86fa5_20160901T211048Z_23ec3e99866d_traj.rds
hrrr-analysis-20160901-p250-h24-m60658ab86fa5_20160901T211049Z_8c0b04a9b7b1,2016-09-01T21:10:49Z,34.15963,-118.13422,5,/mnt/d/lagrangian-jepa-cn/reuse_stilt/server_backup_20260830/stilt/out/by-id/hrrr-analysis-20160901-p250-h24-m60658ab86fa5_20160901T211049Z_8c0b04a9b7b1/hrrr-analysis-20160901-p250-h24-m60658ab86fa5_20160901T211049Z_8c0b04a9b7b1_foot.nc,/mnt/d/lagrangian-jepa-cn/reuse_stilt/server_backup_20260830/stilt/out/by-id/hrrr-analysis-20160901-p250-h24-m60658ab86fa5_20160901T211049Z_8c0b04a9b7b1/hrrr-analysis-20160901-p250-h24-m60658ab86fa5_20160901T211049Z_8c0b04a9b7b1_traj.rds
hrrr-analysis-20160901-p250-h24-m60658ab86fa5_20160901T211104Z_2654b24fa034,2016-09-01T21:11:04Z,34.07300,-118.00056,5,/mnt/d/lagrangian-jepa-cn/reuse_stilt/server_backup_20260830/stilt/out/by-id/hrrr-analysis-20160901-p250-h24-m60658ab86fa5_20160901T211104Z_2654b24fa034/hrrr-analysis-20160901-p250-h24-m60658ab86fa5_20160901T211104Z_2654b24fa034_foot.nc,/mnt/d/lagrangian-jepa-cn/reuse_stilt/server_backup_20260830/stilt/out/by-id/hrrr-analysis-20160901-p250-h24-m60658ab86fa5_20160901T211104Z_2654b24fa034/hrrr-analysis-20160901-p250-h24-m60658ab86fa5_20160901T211104Z_2654b24fa034_traj.rds
hrrr-analysis-20160901-p250-h24-m60658ab86fa5_20160901T211105Z_f3b36713e208,2016-09-01T21:11:05Z,34.05941,-118.10904,5,/mnt/d/lagrangian-jepa-cn/reuse_stilt/server_backup_20260830/stilt/out/by-id/hrrr-analysis-20160901-p250-h24-m60658ab86fa5_20160901T211105Z_f3b36713e208/hrrr-analysis-20160901-p250-h24-m60658ab86fa5_20160901T211105Z_f3b36713e208_foot.nc,/mnt/d/lagrangian-jepa-cn/reuse_stilt/server_backup_20260830/stilt/out/by-id/hrrr-analysis-20160901-p250-h24-m60658ab86fa5_20160901T211105Z_f3b36713e208/hrrr-analysis-20160901-p250-h24-m60658ab86fa5_20160901T211105Z_f3b36713e208_traj.rds
hrrr-analysis-20160901-p250-h24-m60658ab86fa5_20160901T211114Z_f0653d5b700a,2016-09-01T21:11:14Z,34.12423,-118.09603,5,/mnt/d/lagrangian-jepa-cn/reuse_stilt/server_backup_20260830/stilt/out/by-id/hrrr-analysis-20160901-p250-h24-m60658ab86fa5_20160901T211114Z_f0653d5b700a/hrrr-analysis-20160901-p250-h24-m60658ab86fa5_20160901T211114Z_f0653d5b700a_foot.nc,/mnt/d/lagrangian-jepa-cn/reuse_stilt/server_backup_20260830/stilt/out/by-id/hrrr-analysis-20160901-p250-h24-m60658ab86fa5_20160901T211114Z_f0653d5b700a/hrrr-analysis-20160901-p250-h24-m60658ab86fa5_20160901T211114Z_f0653d5b700a_traj.rds
hrrr-analysis-20160901-p250-h24-m60658ab86fa5_20160901T211117Z_907159ef605c,2016-09-01T21:11:17Z,34.17412,-118.02856,5,/mnt/d/lagrangian-jepa-cn/reuse_stilt/server_backup_20260830/stilt/out/by-id/hrrr-analysis-20160901-p250-h24-m60658ab86fa5_20160901T211117Z_907159ef605c/hrrr-analysis-20160901-p250-h24-m60658ab86fa5_20160901T211117Z_907159ef605c_foot.nc,/mnt/d/lagrangian-jepa-cn/reuse_stilt/server_backup_20260830/stilt/out/by-id/hrrr-analysis-20160901-p250-h24-m60658ab86fa5_20160901T211117Z_907159ef605c/hrrr-analysis-20160901-p250-h24-m60658ab86fa5_20160901T211117Z_907159ef605c_traj.rds
hrrr-analysis-20160901-p250-h24-m60658ab86fa5_20160901T211121Z_a1225d21ef52,2016-09-01T21:11:21Z,34.17747,-118.14883,5,/mnt/d/lagrangian-jepa-cn/reuse_stilt/server_backup_20260830/stilt/out/by-id/hrrr-analysis-20160901-p250-h24-m60658ab86fa5_20160901T211121Z_a1225d21ef52/hrrr-analysis-20160901-p250-h24-m60658ab86fa5_20160901T211121Z_a1225d21ef52_foot.nc,/mnt/d/lagrangian-jepa-cn/reuse_stilt/server_backup_20260830/stilt/out/by-id/hrrr-analysis-20160901-p250-h24-m60658ab86fa5_20160901T211121Z_a1225d21ef52/hrrr-analysis-20160901-p250-h24-m60658ab86fa5_20160901T211121Z_a1225d21ef52_traj.rds
hrrr-analysis-20160901-p250-h24-m60658ab86fa5_20160901T211129Z_452c1748d839,2016-09-01T21:11:29Z,34.11076,-118.04009,5,/mnt/d/lagrangian-jepa-cn/reuse_stilt/server_backup_20260830/stilt/out/by-id/hrrr-analysis-20160901-p250-h24-m60658ab86fa5_20160901T211129Z_452c1748d839/hrrr-analysis-20160901-p250-h24-m60658ab86fa5_20160901T211129Z_452c1748d839_foot.nc,/mnt/d/lagrangian-jepa-cn/reuse_stilt/server_backup_20260830/stilt/out/by-id/hrrr-analysis-20160901-p250-h24-m60658ab86fa5_20160901T211129Z_452c1748d839/hrrr-analysis-20160901-p250-h24-m60658ab86fa5_20160901T211129Z_452c1748d839_traj.rds
hrrr-analysis-20160901-p250-h24-m60658ab86fa5_20160901T211133Z_2effa0bb657d,2016-09-01T21:11:33Z,34.06018,-117.98637,5,/mnt/d/lagrangian-jepa-cn/reuse_stilt/server_backup_20260830/stilt/out/by-id/hrrr-analysis-20160901-p250-h24-m60658ab86fa5_20160901T211133Z_2effa0bb657d/hrrr-analysis-20160901-p250-h24-m60658ab86fa5_20160901T211133Z_2effa0bb657d_foot.nc,/mnt/d/lagrangian-jepa-cn/reuse_stilt/server_backup_20260830/stilt/out/by-id/hrrr-analysis-20160901-p250-h24-m60658ab86fa5_20160901T211133Z_2effa0bb657d/hrrr-analysis-20160901-p250-h24-m60658ab86fa5_20160901T211133Z_2effa0bb657d_traj.rds
hrrr-analysis-20160901-p250-h24-m60658ab86fa5_20160901T211139Z_595af8301033,2016-09-01T21:11:39Z,34.05858,-118.11636,5,/mnt/d/lagrangian-jepa-cn/reuse_stilt/server_backup_20260830/stilt/out/by-id/hrrr-analysis-20160901-p250-h24-m60658ab86fa5_20160901T211139Z_595af8301033/hrrr-analysis-20160901-p250-h24-m60658ab86fa5_20160901T211139Z_595af8301033_foot.nc,/mnt/d/lagrangian-jepa-cn/reuse_stilt/server_backup_20260830/stilt/out/by-id/hrrr-analysis-20160901-p250-h24-m60658ab86fa5_20160901T211139Z_595af8301033/hrrr-analysis-20160901-p250-h24-m60658ab86fa5_20160901T211139Z_595af8301033_traj.rds
hrrr-analysis-20160901-p250-h24-m60658ab86fa5_20160901T211145Z_1ea45f357eae,2016-09-01T21:11:45Z,34.14475,-118.08829,5,/mnt/d/lagrangian-jepa-cn/reuse_stilt/server_backup_20260830/stilt/out/by-id/hrrr-analysis-20160901-p250-h24-m60658ab86fa5_20160901T211145Z_1ea45f357eae/hrrr-analysis-20160901-p250-h24-m60658ab86fa5_20160901T211145Z_1ea45f357eae_foot.nc,/mnt/d/lagrangian-jepa-cn/reuse_stilt/server_backup_20260830/stilt/out/by-id/hrrr-analysis-20160901-p250-h24-m60658ab86fa5_20160901T211145Z_1ea45f357eae/hrrr-analysis-20160901-p250-h24-m60658ab86fa5_20160901T211145Z_1ea45f357eae_traj.rds
hrrr-analysis-20160901-p250-h24-m60658ab86fa5_20160901T211151Z_f31202609875,2016-09-01T21:11:51Z,34.19938,-118.16510,5,/mnt/d/lagrangian-jepa-cn/reuse_stilt/server_backup_20260830/stilt/out/by-id/hrrr-analysis-20160901-p250-h24-m60658ab86fa5_20160901T211151Z_f31202609875/hrrr-analysis-20160901-p250-h24-m60658ab86fa5_20160901T211151Z_f31202609875_foot.nc,/mnt/d/lagrangian-jepa-cn/reuse_stilt/server_backup_20260830/stilt/out/by-id/hrrr-analysis-20160901-p250-h24-m60658ab86fa5_20160901T211151Z_f31202609875/hrrr-analysis-20160901-p250-h24-m60658ab86fa5_20160901T211151Z_f31202609875_traj.rds
hrrr-analysis-20160901-p250-h24-m60658ab86fa5_20160901T211157Z_3586e121f3a4,2016-09-01T21:11:57Z,34.13486,-118.14510,5,/mnt/d/lagrangian-jepa-cn/reuse_stilt/server_backup_20260830/stilt/out/by-id/hrrr-analysis-20160901-p250-h24-m60658ab86fa5_20160901T211157Z_3586e121f3a4/hrrr-analysis-20160901-p250-h24-m60658ab86fa5_20160901T211157Z_3586e121f3a4_foot.nc,/mnt/d/lagrangian-jepa-cn/reuse_stilt/server_backup_20260830/stilt/out/by-id/hrrr-analysis-20160901-p250-h24-m60658ab86fa5_20160901T211157Z_3586e121f3a4/hrrr-analysis-20160901-p250-h24-m60658ab86fa5_20160901T211157Z_3586e121f3a4_traj.rds
hrrr-analysis-20160901-p250-h24-m60658ab86fa5_20160901T211157Z_65225672ab03,2016-09-01T21:11:57Z,34.13914,-118.00323,5,/mnt/d/lagrangian-jepa-cn/reuse_stilt/server_backup_20260830/stilt/out/by-id/hrrr-analysis-20160901-p250-h24-m60658ab86fa5_20160901T211157Z_65225672ab03/hrrr-analysis-20160901-p250-h24-m60658ab86fa5_20160901T211157Z_65225672ab03_foot.nc,/mnt/d/lagrangian-jepa-cn/reuse_stilt/server_backup_20260830/stilt/out/by-id/hrrr-analysis-20160901-p250-h24-m60658ab86fa5_20160901T211157Z_65225672ab03/hrrr-analysis-20160901-p250-h24-m60658ab86fa5_20160901T211157Z_65225672ab03_traj.rds
hrrr-analysis-20160901-p250-h24-m60658ab86fa5_20160901T211200Z_d562813c7cd5,2016-09-01T21:12:00Z,34.08748,-118.06836,5,/mnt/d/lagrangian-jepa-cn/reuse_stilt/server_backup_20260830/stilt/out/by-id/hrrr-analysis-20160901-p250-h24-m60658ab86fa5_20160901T211200Z_d562813c7cd5/hrrr-analysis-20160901-p250-h24-m60658ab86fa5_20160901T211200Z_d562813c7cd5_foot.nc,/mnt/d/lagrangian-jepa-cn/reuse_stilt/server_backup_20260830/stilt/out/by-id/hrrr-analysis-20160901-p250-h24-m60658ab86fa5_20160901T211200Z_d562813c7cd5/hrrr-analysis-20160901-p250-h24-m60658ab86fa5_20160901T211200Z_d562813c7cd5_traj.rds
hrrr-analysis-20160901-p250-h24-m60658ab86fa5_20160901T211204Z_2017fd7656cd,2016-09-01T21:12:04Z,34.02284,-118.02602,5,/mnt/d/lagrangian-jepa-cn/reuse_stilt/server_backup_20260830/stilt/out/by-id/hrrr-analysis-20160901-p250-h24-m60658ab86fa5_20160901T211204Z_2017fd7656cd/hrrr-analysis-20160901-p250-h24-m60658ab86fa5_20160901T211204Z_2017fd7656cd_foot.nc,/mnt/d/lagrangian-jepa-cn/reuse_stilt/server_backup_20260830/stilt/out/by-id/hrrr-analysis-20160901-p250-h24-m60658ab86fa5_20160901T211204Z_2017fd7656cd/hrrr-analysis-20160901-p250-h24-m60658ab86fa5_20160901T211204Z_2017fd7656cd_traj.rds
hrrr-analysis-20160901-p250-h24-m60658ab86fa5_20160901T211208Z_0f9f53990ff7,2016-09-01T21:12:08Z,34.02205,-118.11304,5,/mnt/d/lagrangian-jepa-cn/reuse_stilt/server_backup_20260830/stilt/out/by-id/hrrr-analysis-20160901-p250-h24-m60658ab86fa5_20160901T211208Z_0f9f53990ff7/hrrr-analysis-20160901-p250-h24-m60658ab86fa5_20160901T211208Z_0f9f53990ff7_foot.nc,/mnt/d/lagrangian-jepa-cn/reuse_stilt/server_backup_20260830/stilt/out/by-id/hrrr-analysis-20160901-p250-h24-m60658ab86fa5_20160901T211208Z_0f9f53990ff7/hrrr-analysis-20160901-p250-h24-m60658ab86fa5_20160901T211208Z_0f9f53990ff7_traj.rds
hrrr-analysis-20160901-p250-h24-m60658ab86fa5_20160901T211211Z_0e3bc2457ba0,2016-09-01T21:12:11Z,34.08307,-117.97982,5,/mnt/d/lagrangian-jepa-cn/reuse_stilt/server_backup_20260830/stilt/out/by-id/hrrr-analysis-20160901-p250-h24-m60658ab86fa5_20160901T211211Z_0e3bc2457ba0/hrrr-analysis-20160901-p250-h24-m60658ab86fa5_20160901T211211Z_0e3bc2457ba0_foot.nc,/mnt/d/lagrangian-jepa-cn/reuse_stilt/server_backup_20260830/stilt/out/by-id/hrrr-analysis-20160901-p250-h24-m60658ab86fa5_20160901T211211Z_0e3bc2457ba0/hrrr-analysis-20160901-p250-h24-m60658ab86fa5_20160901T211211Z_0e3bc2457ba0_traj.rds
hrrr-analysis-20160901-p250-h24-m60658ab86fa5_20160901T211212Z_d228b15e6fd4,2016-09-01T21:12:12Z,34.09499,-118.13843,5,/mnt/d/lagrangian-jepa-cn/reuse_stilt/server_backup_20260830/stilt/out/by-id/hrrr-analysis-20160901-p250-h24-m60658ab86fa5_20160901T211212Z_d228b15e6fd4/hrrr-analysis-20160901-p250-h24-m60658ab86fa5_20160901T211212Z_d228b15e6fd4_foot.nc,/mnt/d/lagrangian-jepa-cn/reuse_stilt/server_backup_20260830/stilt/out/by-id/hrrr-analysis-20160901-p250-h24-m60658ab86fa5_20160901T211212Z_d228b15e6fd4/hrrr-analysis-20160901-p250-h24-m60658ab86fa5_20160901T211212Z_d228b15e6fd4_traj.rds
hrrr-analysis-20160901-p250-h24-m60658ab86fa5_20160901T211215Z_8c79fe66828b,2016-09-01T21:12:15Z,34.16168,-118.07207,5,/mnt/d/lagrangian-jepa-cn/reuse_stilt/server_backup_20260830/stilt/out/by-id/hrrr-analysis-20160901-p250-h24-m60658ab86fa5_20160901T211215Z_8c79fe66828b/hrrr-analysis-20160901-p250-h24-m60658ab86fa5_20160901T211215Z_8c79fe66828b_foot.nc,/mnt/d/lagrangian-jepa-cn/reuse_stilt/server_backup_20260830/stilt/out/by-id/hrrr-analysis-20160901-p250-h24-m60658ab86fa5_20160901T211215Z_8c79fe66828b/hrrr-analysis-20160901-p250-h24-m60658ab86fa5_20160901T211215Z_8c79fe66828b_traj.rds
hrrr-analysis-20160901-p250-h24-m60658ab86fa5_20160901T211215Z_8024a0619f98,2016-09-01T21:12:15Z,34.15662,-118.15930,5,/mnt/d/lagrangian-jepa-cn/reuse_stilt/server_backup_20260830/stilt/out/by-id/hrrr-analysis-20160901-p250-h24-m60658ab86fa5_20160901T211215Z_8024a0619f98/hrrr-analysis-20160901-p250-h24-m60658ab86fa5_20160901T211215Z_8024a0619f98_foot.nc,/mnt/d/lagrangian-jepa-cn/reuse_stilt/server_backup_20260830/stilt/out/by-id/hrrr-analysis-20160901-p250-h24-m60658ab86fa5_20160901T211215Z_8024a0619f98/hrrr-analysis-20160901-p250-h24-m60658ab86fa5_20160901T211215Z_8024a0619f98_traj.rds
hrrr-analysis-20160901-p250-h24-m60658ab86fa5_20160901T211218Z_c75a990c507a,2016-09-01T21:12:18Z,34.23937,-118.03091,5,/mnt/d/lagrangian-jepa-cn/reuse_stilt/server_backup_20260830/stilt/out/by-id/hrrr-analysis-20160901-p250-h24-m60658ab86fa5_20160901T211218Z_c75a990c507a/hrrr-analysis-20160901-p250-h24-m60658ab86fa5_20160901T211218Z_c75a990c507a_foot.nc,/mnt/d/lagrangian-jepa-cn/reuse_stilt/server_backup_20260830/stilt/out/by-id/hrrr-analysis-20160901-p250-h24-m60658ab86fa5_20160901T211218Z_c75a990c507a/hrrr-analysis-20160901-p250-h24-m60658ab86fa5_20160901T211218Z_c75a990c507a_traj.rds
hrrr-analysis-20160901-p250-h24-m60658ab86fa5_20160901T211223Z_363f1f6bc643,2016-09-01T21:12:23Z,34.21678,-118.18191,5,/mnt/d/lagrangian-jepa-cn/reuse_stilt/server_backup_20260830/stilt/out/by-id/hrrr-analysis-20160901-p250-h24-m60658ab86fa5_20160901T211223Z_363f1f6bc643/hrrr-analysis-20160901-p250-h24-m60658ab86fa5_20160901T211223Z_363f1f6bc643_foot.nc,/mnt/d/lagrangian-jepa-cn/reuse_stilt/server_backup_20260830/stilt/out/by-id/hrrr-analysis-20160901-p250-h24-m60658ab86fa5_20160901T211223Z_363f1f6bc643/hrrr-analysis-20160901-p250-h24-m60658ab86fa5_20160901T211223Z_363f1f6bc643_traj.rds
hrrr-analysis-20160901-p250-h24-m60658ab86fa5_20160901T211232Z_f117878b6633,2016-09-01T21:12:32Z,34.00908,-118.11663,5,/mnt/d/lagrangian-jepa-cn/reuse_stilt/server_backup_20260830/stilt/out/by-id/hrrr-analysis-20160901-p250-h24-m60658ab86fa5_20160901T211232Z_f117878b6633/hrrr-analysis-20160901-p250-h24-m60658ab86fa5_20160901T211232Z_f117878b6633_foot.nc,/mnt/d/lagrangian-jepa-cn/reuse_stilt/server_backup_20260830/stilt/out/by-id/hrrr-analysis-20160901-p250-h24-m60658ab86fa5_20160901T211232Z_f117878b6633/hrrr-analysis-20160901-p250-h24-m60658ab86fa5_20160901T211232Z_f117878b6633_traj.rds
hrrr-analysis-20160901-p250-h24-m60658ab86fa5_20160901T211234Z_ebb31048a6d0,2016-09-01T21:12:34Z,33.99891,-117.93825,5,/mnt/d/lagrangian-jepa-cn/reuse_stilt/server_backup_20260830/stilt/out/by-id/hrrr-analysis-20160901-p250-h24-m60658ab86fa5_20160901T211234Z_ebb31048a6d0/hrrr-analysis-20160901-p250-h24-m60658ab86fa5_20160901T211234Z_ebb31048a6d0_foot.nc,/mnt/d/lagrangian-jepa-cn/reuse_stilt/server_backup_20260830/stilt/out/by-id/hrrr-analysis-20160901-p250-h24-m60658ab86fa5_20160901T211234Z_ebb31048a6d0/hrrr-analysis-20160901-p250-h24-m60658ab86fa5_20160901T211234Z_ebb31048a6d0_traj.rds
hrrr-analysis-20160901-p250-h24-m60658ab86fa5_20160901T211234Z_c25cb3a839f5,2016-09-01T21:12:34Z,33.98971,-118.03397,5,/mnt/d/lagrangian-jepa-cn/reuse_stilt/server_backup_20260830/stilt/out/by-id/hrrr-analysis-20160901-p250-h24-m60658ab86fa5_20160901T211234Z_c25cb3a839f5/hrrr-analysis-20160901-p250-h24-m60658ab86fa5_20160901T211234Z_c25cb3a839f5_foot.nc,/mnt/d/lagrangian-jepa-cn/reuse_stilt/server_backup_20260830/stilt/out/by-id/hrrr-analysis-20160901-p250-h24-m60658ab86fa5_20160901T211234Z_c25cb3a839f5/hrrr-analysis-20160901-p250-h24-m60658ab86fa5_20160901T211234Z_c25cb3a839f5_traj.rds
hrrr-analysis-20160901-p250-h24-m60658ab86fa5_20160901T211237Z_19d1b96fdfac,2016-09-01T21:12:37Z,34.06788,-117.93681,5,/mnt/d/lagrangian-jepa-cn/reuse_stilt/server_backup_20260830/stilt/out/by-id/hrrr-analysis-20160901-p250-h24-m60658ab86fa5_20160901T211237Z_19d1b96fdfac/hrrr-analysis-20160901-p250-h24-m60658ab86fa5_20160901T211237Z_19d1b96fdfac_foot.nc,/mnt/d/lagrangian-jepa-cn/reuse_stilt/server_backup_20260830/stilt/out/by-id/hrrr-analysis-20160901-p250-h24-m60658ab86fa5_20160901T211237Z_19d1b96fdfac/hrrr-analysis-20160901-p250-h24-m60658ab86fa5_20160901T211237Z_19d1b96fdfac_traj.rds
hrrr-analysis-20160901-p250-h24-m60658ab86fa5_20160901T211238Z_ead20080ae1a,2016-09-01T21:12:38Z,34.07795,-118.03553,5,/mnt/d/lagrangian-jepa-cn/reuse_stilt/server_backup_20260830/stilt/out/by-id/hrrr-analysis-20160901-p250-h24-m60658ab86fa5_20160901T211238Z_ead20080ae1a/hrrr-analysis-20160901-p250-h24-m60658ab86fa5_20160901T211238Z_ead20080ae1a_foot.nc,/mnt/d/lagrangian-jepa-cn/reuse_stilt/server_backup_20260830/stilt/out/by-id/hrrr-analysis-20160901-p250-h24-m60658ab86fa5_20160901T211238Z_ead20080ae1a/hrrr-analysis-20160901-p250-h24-m60658ab86fa5_20160901T211238Z_ead20080ae1a_traj.rds
hrrr-analysis-20160901-p250-h24-m60658ab86fa5_20160901T211238Z_b5d592749f65,2016-09-01T21:12:38Z,34.09518,-118.11146,5,/mnt/d/lagrangian-jepa-cn/reuse_stilt/server_backup_20260830/stilt/out/by-id/hrrr-analysis-20160901-p250-h24-m60658ab86fa5_20160901T211238Z_b5d592749f65/hrrr-analysis-20160901-p250-h24-m60658ab86fa5_20160901T211238Z_b5d592749f65_foot.nc,/mnt/d/lagrangian-jepa-cn/reuse_stilt/server_backup_20260830/stilt/out/by-id/hrrr-analysis-20160901-p250-h24-m60658ab86fa5_20160901T211238Z_b5d592749f65/hrrr-analysis-20160901-p250-h24-m60658ab86fa5_20160901T211238Z_b5d592749f65_traj.rds
hrrr-analysis-20160901-p250-h24-m60658ab86fa5_20160901T211238Z_5256059e0e8d,2016-09-01T21:12:38Z,34.14032,-117.94580,5,/mnt/d/lagrangian-jepa-cn/reuse_stilt/server_backup_20260830/stilt/out/by-id/hrrr-analysis-20160901-p250-h24-m60658ab86fa5_20160901T211238Z_5256059e0e8d/hrrr-analysis-20160901-p250-h24-m60658ab86fa5_20160901T211238Z_5256059e0e8d_foot.nc,/mnt/d/lagrangian-jepa-cn/reuse_stilt/server_backup_20260830/stilt/out/by-id/hrrr-analysis-20160901-p250-h24-m60658ab86fa5_20160901T211238Z_5256059e0e8d/hrrr-analysis-20160901-p250-h24-m60658ab86fa5_20160901T211238Z_5256059e0e8d_traj.rds
hrrr-analysis-20160901-p250-h24-m60658ab86fa5_20160901T211239Z_2d04427ff882,2016-09-01T21:12:39Z,34.15954,-118.02265,5,/mnt/d/lagrangian-jepa-cn/reuse_stilt/server_backup_20260830/stilt/out/by-id/hrrr-analysis-20160901-p250-h24-m60658ab86fa5_20160901T211239Z_2d04427ff882/hrrr-analysis-20160901-p250-h24-m60658ab86fa5_20160901T211239Z_2d04427ff882_foot.nc,/mnt/d/lagrangian-jepa-cn/reuse_stilt/server_backup_20260830/stilt/out/by-id/hrrr-analysis-20160901-p250-h24-m60658ab86fa5_20160901T211239Z_2d04427ff882/hrrr-analysis-20160901-p250-h24-m60658ab86fa5_20160901T211239Z_2d04427ff882_traj.rds
hrrr-analysis-20160901-p250-h24-m60658ab86fa5_20160901T211239Z_7696b8dace96,2016-09-01T21:12:39Z,34.16044,-118.12164,5,/mnt/d/lagrangian-jepa-cn/reuse_stilt/server_backup_20260830/stilt/out/by-id/hrrr-analysis-20160901-p250-h24-m60658ab86fa5_20160901T211239Z_7696b8dace96/hrrr-analysis-20160901-p250-h24-m60658ab86fa5_20160901T211239Z_7696b8dace96_foot.nc,/mnt/d/lagrangian-jepa-cn/reuse_stilt/server_backup_20260830/stilt/out/by-id/hrrr-analysis-20160901-p250-h24-m60658ab86fa5_20160901T211239Z_7696b8dace96/hrrr-analysis-20160901-p250-h24-m60658ab86fa5_20160901T211239Z_7696b8dace96_traj.rds
hrrr-analysis-20160901-p250-h24-m60658ab86fa5_20160901T211240Z_c8ce50b90194,2016-09-01T21:12:40Z,34.24638,-118.03969,5,/mnt/d/lagrangian-jepa-cn/reuse_stilt/server_backup_20260830/stilt/out/by-id/hrrr-analysis-20160901-p250-h24-m60658ab86fa5_20160901T211240Z_c8ce50b90194/hrrr-analysis-20160901-p250-h24-m60658ab86fa5_20160901T211240Z_c8ce50b90194_foot.nc,/mnt/d/lagrangian-jepa-cn/reuse_stilt/server_backup_20260830/stilt/out/by-id/hrrr-analysis-20160901-p250-h24-m60658ab86fa5_20160901T211240Z_c8ce50b90194/hrrr-analysis-20160901-p250-h24-m60658ab86fa5_20160901T211240Z_c8ce50b90194_traj.rds
hrrr-analysis-20160901-p250-h24-m60658ab86fa5_20160901T211240Z_d657d16b6ab0,2016-09-01T21:12:40Z,34.31394,-118.00443,5,/mnt/d/lagrangian-jepa-cn/reuse_stilt/server_backup_20260830/stilt/out/by-id/hrrr-analysis-20160901-p250-h24-m60658ab86fa5_20160901T211240Z_d657d16b6ab0/hrrr-analysis-20160901-p250-h24-m60658ab86fa5_20160901T211240Z_d657d16b6ab0_foot.nc,/mnt/d/lagrangian-jepa-cn/reuse_stilt/server_backup_20260830/stilt/out/by-id/hrrr-analysis-20160901-p250-h24-m60658ab86fa5_20160901T211240Z_d657d16b6ab0/hrrr-analysis-20160901-p250-h24-m60658ab86fa5_20160901T211240Z_d657d16b6ab0_traj.rds
hrrr-analysis-20160901-p250-h24-m60658ab86fa5_20160901T211241Z_ad11053ca71c,2016-09-01T21:12:41Z,34.30631,-118.10001,5,/mnt/d/lagrangian-jepa-cn/reuse_stilt/server_backup_20260830/stilt/out/by-id/hrrr-analysis-20160901-p250-h24-m60658ab86fa5_20160901T211241Z_ad11053ca71c/hrrr-analysis-20160901-p250-h24-m60658ab86fa5_20160901T211241Z_ad11053ca71c_foot.nc,/mnt/d/lagrangian-jepa-cn/reuse_stilt/server_backup_20260830/stilt/out/by-id/hrrr-analysis-20160901-p250-h24-m60658ab86fa5_20160901T211241Z_ad11053ca71c/hrrr-analysis-20160901-p250-h24-m60658ab86fa5_20160901T211241Z_ad11053ca71c_traj.rds
hrrr-analysis-20160901-p250-h24-m60658ab86fa5_20160901T211241Z_77332e650992,2016-09-01T21:12:41Z,34.38029,-117.99332,5,/mnt/d/lagrangian-jepa-cn/reuse_stilt/server_backup_20260830/stilt/out/by-id/hrrr-analysis-20160901-p250-h24-m60658ab86fa5_20160901T211241Z_77332e650992/hrrr-analysis-20160901-p250-h24-m60658ab86fa5_20160901T211241Z_77332e650992_foot.nc,/mnt/d/lagrangian-jepa-cn/reuse_stilt/server_backup_20260830/stilt/out/by-id/hrrr-analysis-20160901-p250-h24-m60658ab86fa5_20160901T211241Z_77332e650992/hrrr-analysis-20160901-p250-h24-m60658ab86fa5_20160901T211241Z_77332e650992_traj.rds
hrrr-analysis-20160901-p250-h24-m60658ab86fa5_20160901T211242Z_66871aba7666,2016-09-01T21:12:42Z,34.44300,-118.10252,5,/mnt/d/lagrangian-jepa-cn/reuse_stilt/server_backup_20260830/stilt/out/by-id/hrrr-analysis-20160901-p250-h24-m60658ab86fa5_20160901T211242Z_66871aba7666/hrrr-analysis-20160901-p250-h24-m60658ab86fa5_20160901T211242Z_66871aba7666_foot.nc,/mnt/d/lagrangian-jepa-cn/reuse_stilt/server_backup_20260830/stilt/out/by-id/hrrr-analysis-20160901-p250-h24-m60658ab86fa5_20160901T211242Z_66871aba7666/hrrr-analysis-20160901-p250-h24-m60658ab86fa5_20160901T211242Z_66871aba7666_traj.rds
hrrr-analysis-20160901-p250-h24-m60658ab86fa5_20160901T211242Z_0a20abdcd46f,2016-09-01T21:12:42Z,34.47929,-118.03598,5,/mnt/d/lagrangian-jepa-cn/reuse_stilt/server_backup_20260830/stilt/out/by-id/hrrr-analysis-20160901-p250-h24-m60658ab86fa5_20160901T211242Z_0a20abdcd46f/hrrr-analysis-20160901-p250-h24-m60658ab86fa5_20160901T211242Z_0a20abdcd46f_foot.nc,/mnt/d/lagrangian-jepa-cn/reuse_stilt/server_backup_20260830/stilt/out/by-id/hrrr-analysis-20160901-p250-h24-m60658ab86fa5_20160901T211242Z_0a20abdcd46f/hrrr-analysis-20160901-p250-h24-m60658ab86fa5_20160901T211242Z_0a20abdcd46f_traj.rds
hrrr-analysis-20160901-p250-h24-m60658ab86fa5_20160901T211242Z_0d05fbcfd32d,2016-09-01T21:12:42Z,34.47886,-118.18259,5,/mnt/d/lagrangian-jepa-cn/reuse_stilt/server_backup_20260830/stilt/out/by-id/hrrr-analysis-20160901-p250-h24-m60658ab86fa5_20160901T211242Z_0d05fbcfd32d/hrrr-analysis-20160901-p250-h24-m60658ab86fa5_20160901T211242Z_0d05fbcfd32d_foot.nc,/mnt/d/lagrangian-jepa-cn/reuse_stilt/server_backup_20260830/stilt/out/by-id/hrrr-analysis-20160901-p250-h24-m60658ab86fa5_20160901T211242Z_0d05fbcfd32d/hrrr-analysis-20160901-p250-h24-m60658ab86fa5_20160901T211242Z_0d05fbcfd32d_traj.rds
hrrr-analysis-20160901-p250-h24-m60658ab86fa5_20160901T211243Z_578701e1c504,2016-09-01T21:12:43Z,34.55417,-118.14870,5,/mnt/d/lagrangian-jepa-cn/reuse_stilt/server_backup_20260830/stilt/out/by-id/hrrr-analysis-20160901-p250-h24-m60658ab86fa5_20160901T211243Z_578701e1c504/hrrr-analysis-20160901-p250-h24-m60658ab86fa5_20160901T211243Z_578701e1c504_foot.nc,/mnt/d/lagrangian-jepa-cn/reuse_stilt/server_backup_20260830/stilt/out/by-id/hrrr-analysis-20160901-p250-h24-m60658ab86fa5_20160901T211243Z_578701e1c504/hrrr-analysis-20160901-p250-h24-m60658ab86fa5_20160901T211243Z_578701e1c504_traj.rds
hrrr-analysis-20160901-p250-h24-m60658ab86fa5_20160901T211243Z_524068bc7cfc,2016-09-01T21:12:43Z,34.59036,-118.03288,5,/mnt/d/lagrangian-jepa-cn/reuse_stilt/server_backup_20260830/stilt/out/by-id/hrrr-analysis-20160901-p250-h24-m60658ab86fa5_20160901T211243Z_524068bc7cfc/hrrr-analysis-20160901-p250-h24-m60658ab86fa5_20160901T211243Z_524068bc7cfc_foot.nc,/mnt/d/lagrangian-jepa-cn/reuse_stilt/server_backup_20260830/stilt/out/by-id/hrrr-analysis-20160901-p250-h24-m60658ab86fa5_20160901T211243Z_524068bc7cfc/hrrr-analysis-20160901-p250-h24-m60658ab86fa5_20160901T211243Z_524068bc7cfc_traj.rds
hrrr-analysis-20160901-p250-h24-m60658ab86fa5_20160901T211244Z_74549ac92a12,2016-09-01T21:12:44Z,34.63347,-118.18832,5,/mnt/d/lagrangian-jepa-cn/reuse_stilt/server_backup_20260830/stilt/out/by-id/hrrr-analysis-20160901-p250-h24-m60658ab86fa5_20160901T211244Z_74549ac92a12/hrrr-analysis-20160901-p250-h24-m60658ab86fa5_20160901T211244Z_74549ac92a12_foot.nc,/mnt/d/lagrangian-jepa-cn/reuse_stilt/server_backup_20260830/stilt/out/by-id/hrrr-analysis-20160901-p250-h24-m60658ab86fa5_20160901T211244Z_74549ac92a12/hrrr-analysis-20160901-p250-h24-m60658ab86fa5_20160901T211244Z_74549ac92a12_traj.rds
hrrr-analysis-20160901-p250-h24-m60658ab86fa5_20160901T211244Z_624e0eb0d582,2016-09-01T21:12:44Z,34.67107,-118.12225,5,/mnt/d/lagrangian-jepa-cn/reuse_stilt/server_backup_20260830/stilt/out/by-id/hrrr-analysis-20160901-p250-h24-m60658ab86fa5_20160901T211244Z_624e0eb0d582/hrrr-analysis-20160901-p250-h24-m60658ab86fa5_20160901T211244Z_624e0eb0d582_foot.nc,/mnt/d/lagrangian-jepa-cn/reuse_stilt/server_backup_20260830/stilt/out/by-id/hrrr-analysis-20160901-p250-h24-m60658ab86fa5_20160901T211244Z_624e0eb0d582/hrrr-analysis-20160901-p250-h24-m60658ab86fa5_20160901T211244Z_624e0eb0d582_traj.rds
hrrr-analysis-20160901-p250-h24-m60658ab86fa5_20160901T211244Z_770ff91c2eac,2016-09-01T21:12:44Z,34.71175,-118.05696,5,/mnt/d/lagrangian-jepa-cn/reuse_stilt/server_backup_20260830/stilt/out/by-id/hrrr-analysis-20160901-p250-h24-m60658ab86fa5_20160901T211244Z_770ff91c2eac/hrrr-analysis-20160901-p250-h24-m60658ab86fa5_20160901T211244Z_770ff91c2eac_foot.nc,/mnt/d/lagrangian-jepa-cn/reuse_stilt/server_backup_20260830/stilt/out/by-id/hrrr-analysis-20160901-p250-h24-m60658ab86fa5_20160901T211244Z_770ff91c2eac/hrrr-analysis-20160901-p250-h24-m60658ab86fa5_20160901T211244Z_770ff91c2eac_traj.rds
hrrr-analysis-20160901-p250-h24-m60658ab86fa5_20160901T211244Z_777cc5a0ac3b,2016-09-01T21:12:44Z,34.75370,-118.13833,5,/mnt/d/lagrangian-jepa-cn/reuse_stilt/server_backup_20260830/stilt/out/by-id/hrrr-analysis-20160901-p250-h24-m60658ab86fa5_20160901T211244Z_777cc5a0ac3b/hrrr-analysis-20160901-p250-h24-m60658ab86fa5_20160901T211244Z_777cc5a0ac3b_foot.nc,/mnt/d/lagrangian-jepa-cn/reuse_stilt/server_backup_20260830/stilt/out/by-id/hrrr-analysis-20160901-p250-h24-m60658ab86fa5_20160901T211244Z_777cc5a0ac3b/hrrr-analysis-20160901-p250-h24-m60658ab86fa5_20160901T211244Z_777cc5a0ac3b_traj.rds
hrrr-analysis-20160901-p250-h24-m60658ab86fa5_20160901T211245Z_ccdb063464e6,2016-09-01T21:12:45Z,34.75643,-118.21194,5,/mnt/d/lagrangian-jepa-cn/reuse_stilt/server_backup_20260830/stilt/out/by-id/hrrr-analysis-20160901-p250-h24-m60658ab86fa5_20160901T211245Z_ccdb063464e6/hrrr-analysis-20160901-p250-h24-m60658ab86fa5_20160901T211245Z_ccdb063464e6_foot.nc,/mnt/d/lagrangian-jepa-cn/reuse_stilt/server_backup_20260830/stilt/out/by-id/hrrr-analysis-20160901-p250-h24-m60658ab86fa5_20160901T211245Z_ccdb063464e6/hrrr-analysis-20160901-p250-h24-m60658ab86fa5_20160901T211245Z_ccdb063464e6_traj.rds
hrrr-analysis-20160901-p250-h24-m60658ab86fa5_20160901T211245Z_9956242d6664,2016-09-01T21:12:45Z,34.79519,-118.07330,5,/mnt/d/lagrangian-jepa-cn/reuse_stilt/server_backup_20260830/stilt/out/by-id/hrrr-analysis-20160901-p250-h24-m60658ab86fa5_20160901T211245Z_9956242d6664/hrrr-analysis-20160901-p250-h24-m60658ab86fa5_20160901T211245Z_9956242d6664_foot.nc,/mnt/d/lagrangian-jepa-cn/reuse_stilt/server_backup_20260830/stilt/out/by-id/hrrr-analysis-20160901-p250-h24-m60658ab86fa5_20160901T211245Z_9956242d6664/hrrr-analysis-20160901-p250-h24-m60658ab86fa5_20160901T211245Z_9956242d6664_traj.rds
hrrr-analysis-20160901-p250-h24-m60658ab86fa5_20160901T211245Z_52ab059baa35,2016-09-01T21:12:45Z,34.83717,-118.15433,5,/mnt/d/lagrangian-jepa-cn/reuse_stilt/server_backup_20260830/stilt/out/by-id/hrrr-analysis-20160901-p250-h24-m60658ab86fa5_20160901T211245Z_52ab059baa35/hrrr-analysis-20160901-p250-h24-m60658ab86fa5_20160901T211245Z_52ab059baa35_foot.nc,/mnt/d/lagrangian-jepa-cn/reuse_stilt/server_backup_20260830/stilt/out/by-id/hrrr-analysis-20160901-p250-h24-m60658ab86fa5_20160901T211245Z_52ab059baa35/hrrr-analysis-20160901-p250-h24-m60658ab86fa5_20160901T211245Z_52ab059baa35_traj.rds
hrrr-analysis-20160901-p250-h24-m60658ab86fa5_20160901T211245Z_837cac040022,2016-09-01T21:12:45Z,34.87948,-118.08972,5,/mnt/d/lagrangian-jepa-cn/reuse_stilt/server_backup_20260830/stilt/out/by-id/hrrr-analysis-20160901-p250-h24-m60658ab86fa5_20160901T211245Z_837cac040022/hrrr-analysis-20160901-p250-h24-m60658ab86fa5_20160901T211245Z_837cac040022_foot.nc,/mnt/d/lagrangian-jepa-cn/reuse_stilt/server_backup_20260830/stilt/out/by-id/hrrr-analysis-20160901-p250-h24-m60658ab86fa5_20160901T211245Z_837cac040022/hrrr-analysis-20160901-p250-h24-m60658ab86fa5_20160901T211245Z_837cac040022_traj.rds
hrrr-analysis-20160901-p250-h24-m60658ab86fa5_20160901T211246Z_5f52811ca796,2016-09-01T21:12:46Z,34.88117,-118.21136,5,/mnt/d/lagrangian-jepa-cn/reuse_stilt/server_backup_20260830/stilt/out/by-id/hrrr-analysis-20160901-p250-h24-m60658ab86fa5_20160901T211246Z_5f52811ca796/hrrr-analysis-20160901-p250-h24-m60658ab86fa5_20160901T211246Z_5f52811ca796_foot.nc,/mnt/d/lagrangian-jepa-cn/reuse_stilt/server_backup_20260830/stilt/out/by-id/hrrr-analysis-20160901-p250-h24-m60658ab86fa5_20160901T211246Z_5f52811ca796/hrrr-analysis-20160901-p250-h24-m60658ab86fa5_20160901T211246Z_5f52811ca796_traj.rds
hrrr-analysis-20160901-p250-h24-m60658ab86fa5_20160901T211246Z_cc08b9c395c7,2016-09-01T21:12:46Z,34.96434,-118.15440,5,/mnt/d/lagrangian-jepa-cn/reuse_stilt/server_backup_20260830/stilt/out/by-id/hrrr-analysis-20160901-p250-h24-m60658ab86fa5_20160901T211246Z_cc08b9c395c7/hrrr-analysis-20160901-p250-h24-m60658ab86fa5_20160901T211246Z_cc08b9c395c7_foot.nc,/mnt/d/lagrangian-jepa-cn/reuse_stilt/server_backup_20260830/stilt/out/by-id/hrrr-analysis-20160901-p250-h24-m60658ab86fa5_20160901T211246Z_cc08b9c395c7/hrrr-analysis-20160901-p250-h24-m60658ab86fa5_20160901T211246Z_cc08b9c395c7_traj.rds
hrrr-analysis-20160901-p250-h24-m60658ab86fa5_20160901T211246Z_9cefbcf341bc,2016-09-01T21:12:46Z,34.97052,-118.27712,5,/mnt/d/lagrangian-jepa-cn/reuse_stilt/server_backup_20260830/stilt/out/by-id/hrrr-analysis-20160901-p250-h24-m60658ab86fa5_20160901T211246Z_9cefbcf341bc/hrrr-analysis-20160901-p250-h24-m60658ab86fa5_20160901T211246Z_9cefbcf341bc_foot.nc,/mnt/d/lagrangian-jepa-cn/reuse_stilt/server_backup_20260830/stilt/out/by-id/hrrr-analysis-20160901-p250-h24-m60658ab86fa5_20160901T211246Z_9cefbcf341bc/hrrr-analysis-20160901-p250-h24-m60658ab86fa5_20160901T211246Z_9cefbcf341bc_traj.rds
